mc	mn	quarterbeats	quarterbeats_all_endings	duration_qb	mc_onset	mn_onset	event	timesig	staff	voice	duration	gracenote	nominal_duration	scalar	chord_id	dynamics	articulation	staff_text	system_text	tempo	qpm	metronome_base	metronome_number	tempo_visible	slur	diminuendo_line	crescendo_hairpin	decrescendo_hairpin	crescendo_line
1	0	0	0	0.0	0	1/4	Tempo	2/4	1	1	0									ùÖü=60	60.0	ùÖü	60.0	1.0					
1	0	0	0	0.0	0	1/4	StaffText	2/4	1	1	0							Andantino con moto											
1	0	0	0	0.0	0	1/4	Dynamic	2/4	1	1	0					mf													
1	0	0	0	0.0	0	1/4	Spanner	2/4	1	1	0																0		
1	0	0	0	0.5	0	1/4	Chord	2/4	1	1	1/8		1/8	1	0										0		0		
1	0	1/2	1/2	0.5	1/8	3/8	Chord	2/4	1	1	1/8		1/8	1	1										0		0		
1	0	0	0	0.5	0	1/4	Chord	2/4	2	1	1/8		1/8	1	2										1				
1	0	1/2	1/2	0.5	1/8	3/8	Chord	2/4	2	1	1/8		1/8	1	3										1				
2	1	1	1	0.0	0	0	Spanner	2/4	1	1	0														0				
2	1	1	1	0.0	0	0	Spanner	2/4	1	1	0														0			0	
2	1	1	1	0.5	0	0	Chord	2/4	1	1	1/8		1/8	1	4										0			0	
2	1	3/2	3/2	0.5	1/8	1/8	Chord	2/4	1	1	1/8		1/8	1	5													0	
2	1	2	2	0.0	1/4	1/4	Spanner	2/4	1	1	0																1	0	
2	1	2	2	0.5	1/4	1/4	Chord	2/4	1	1	1/8		1/8	1	6										2		1	0	
2	1	5/2	5/2	0.5	3/8	3/8	Chord	2/4	1	1	1/8		1/8	1	7										2		1	0	
2	1	1	1	0.5	0	0	Chord	2/4	2	1	1/8		1/8	1	8										1				
2	1	3/2	3/2	0.5	1/8	1/8	Chord	2/4	2	1	1/8		1/8	1	9														
2	1	2	2	0.5	1/4	1/4	Chord	2/4	2	1	1/8		1/8	1	10										3				
2	1	5/2	5/2	0.5	3/8	3/8	Chord	2/4	2	1	1/8		1/8	1	11										3				
3	2	3	3	0.0	0	0	Spanner	2/4	1	1	0														2				
3	2	3	3	0.0	0	0	Spanner	2/4	1	1	0														2				
3	2	3	3	0.0	0	0	Spanner	2/4	1	1	0														2			1	
3	2	3	3	0.5	0	0	Chord	2/4	1	1	1/8		1/8	1	12										2			1	
3	2	7/2	7/2	0.5	1/8	1/8	Chord	2/4	1	1	1/8		1/8	1	13													1	
3	2	4	4	0.5	1/4	1/4	Chord	2/4	1	1	1/8		1/8	1	14										4			1	
3	2	9/2	9/2	0.5	3/8	3/8	Chord	2/4	1	1	1/8		1/8	1	15										4			1	
3	2	3	3	0.5	0	0	Chord	2/4	2	1	1/8		1/8	1	16										3				
3	2	7/2	7/2	0.5	1/8	1/8	Chord	2/4	2	1	1/8		1/8	1	17														
3	2	4	4	0.5	1/4	1/4	Chord	2/4	2	1	1/8		1/8	1	18										5				
3	2	9/2	9/2	0.5	3/8	3/8	Chord	2/4	2	1	1/8		1/8	1	19										5				
4	3	5	5	0.0	0	0	Spanner	2/4	1	1	0														4				
4	3	5	5	1.0	0	0	Chord	2/4	1	1	1/4		1/4	1	20										4				
4	3	6	6	0.0	1/4	1/4	Spanner	2/4	1	1	0																2		
4	3	6	6	0.5	1/4	1/4	Chord	2/4	1	1	1/8		1/8	1	21										6		2		
4	3	13/2	13/2	0.5	3/8	3/8	Chord	2/4	1	1	1/8		1/8	1	22										6		2		
4	3	5	5	0.5	0	0	Chord	2/4	1	2	1/8		1/8	1	23												2		
4	3	11/2	11/2	0.5	1/8	1/8	Chord	2/4	1	2	1/8		1/8	1	24												2		
4	3	6	6	0.5	1/4	1/4	Chord	2/4	1	2	1/8		1/8	1	25												2		
4	3	13/2	13/2	0.5	3/8	3/8	Chord	2/4	1	2	1/8		1/8	1	26												2		
4	3	5	5	0.5	0	0	Chord	2/4	2	1	1/8		1/8	1	27										5				
4	3	11/2	11/2	0.5	1/8	1/8	Chord	2/4	2	1	1/8		1/8	1	28														
4	3	6	6	0.5	1/4	1/4	Chord	2/4	2	1	1/8		1/8	1	29										7				
4	3	13/2	13/2	0.5	3/8	3/8	Chord	2/4	2	1	1/8		1/8	1	30										7				
5	4	7	7	0.0	0	0	Spanner	2/4	1	1	0														6				
5	4	7	7	0.5	0	0	Chord	2/4	1	1	1/8		1/8	1	31										6				
5	4	15/2	15/2	0.5	1/8	1/8	Chord	2/4	1	1	1/8		1/8	1	32										6				
5	4	8	8	0.5	1/4	1/4	Chord	2/4	1	1	1/8		1/8	1	33										6				
5	4	17/2	17/2	0.5	3/8	3/8	Chord	2/4	1	1	1/8		1/8	1	34										6				
5	4	7	7	0.5	0	0	Chord	2/4	2	1	1/8		1/8	1	35										7				
5	4	15/2	15/2	0.5	1/8	1/8	Chord	2/4	2	1	1/8		1/8	1	36														
5	4	8	8	0.0	1/4	1/4	Spanner	2/4	2	1	0																3		
5	4	8	8	0.5	1/4	1/4	Chord	2/4	2	1	1/8		1/8	1	37										8		3		
5	4	17/2	17/2	0.5	3/8	3/8	Chord	2/4	2	1	1/8		1/8	1	38										8		3		
6	5	9	9	0.5	0	0	Chord	2/4	1	1	1/8		1/8	1	39										6				
6	5	19/2	19/2	0.5	1/8	1/8	Chord	2/4	1	1	1/8		1/8	1	40										6				
6	5	10	10	0.0	1/4	1/4	Spanner	2/4	1	1	0														6	0			
6	5	10	10	0.5	1/4	1/4	Chord	2/4	1	1	1/8		1/8	1	41										6	0			
6	5	21/2	21/2	0.5	3/8	3/8	Chord	2/4	1	1	1/8		1/8	1	42										6	0			
6	5	9	9	0.0	0	0	Spanner	2/4	2	1	0														8				
6	5	9	9	0.5	0	0	Chord	2/4	2	1	1/8		1/8	1	43										8				
6	5	19/2	19/2	0.5	1/8	1/8	Chord	2/4	2	1	1/8		1/8	1	44										8				
6	5	10	10	0.5	1/4	1/4	Chord	2/4	2	1	1/8		1/8	1	45										8				
6	5	21/2	21/2	0.5	3/8	3/8	Chord	2/4	2	1	1/8		1/8	1	46										8				
6	5	9	9	2.0	0	0	Chord	2/4	2	2	1/2		1/2	1	47														
7	6	11	11	1.0	0	0	Chord	2/4	1	1	1/4		1/4	1	48											0			
7	6	12	12	0.0	1/4	1/4	StaffText	2/4	1	1	0							poco riten.											
7	6	12	12	0.0	1/4	1/4	Spanner	2/4	1	1	0																		
7	6	12	12	0.5	1/4	1/4	Chord	2/4	1	1	1/8		1/8	1	49														
7	6	25/2	25/2	0.5	3/8	3/8	Chord	2/4	1	1	1/8		1/8	1	50														
7	6	11	11	0.5	0	0	Chord	2/4	1	2	1/8		1/8	1	51														
7	6	23/2	23/2	0.5	1/8	1/8	Chord	2/4	1	2	1/8		1/8	1	52														
7	6	12	12	0.5	1/4	1/4	Chord	2/4	1	2	1/8		1/8	1	53														
7	6	25/2	25/2	0.5	3/8	3/8	Chord	2/4	1	2	1/8		1/8	1	54														
7	6	11	11	0.5	0	0	Chord	2/4	2	1	1/8		1/8	1	55										8				
7	6	23/2	23/2	0.5	1/8	1/8	Chord	2/4	2	1	1/8		1/8	1	56										8				
7	6	12	12	0.5	1/4	1/4	Chord	2/4	2	1	1/8		1/8	1	57										8				
7	6	25/2	25/2	0.5	3/8	3/8	Chord	2/4	2	1	1/8		1/8	1	58										8				
7	6	11	11	2.0	0	0	Chord	2/4	2	2	1/2		1/2	1	59														
8	7	13	13	0.0	0	0	SystemText	2/4	1	1	0								poco										
8	7	13	13	0.5	0	0	Chord	2/4	1	1	1/8		1/8	1	60														
8	7	27/2	27/2	0.0	1/8	1/8	Dynamic	2/4	1	1	0					p													
8	7	27/2	27/2	0.5	1/8	1/8	Chord	2/4	1	1	1/8		1/8	1	61														
8	7	14	14	0.0	1/4	1/4	StaffText	2/4	1	1	0							a tempo											
8	7	14	14	0.0	1/4	1/4	Dynamic	2/4	1	1	0					mf													
8	7	14	14	0.5	1/4	1/4	Chord	2/4	1	1	1/8		1/8	1	62										9				
8	7	29/2	29/2	0.5	3/8	3/8	Chord	2/4	1	1	1/8		1/8	1	63														
8	7	13	13	1.0	0	0	Chord	2/4	1	2	1/4		1/4	1	64														
8	7	13	13	1.0	0	0	Chord	2/4	2	1	1/4		1/4	1	65														
8	7	14	14	0.5	1/4	1/4	Chord	2/4	2	1	1/8		1/8	1	66										10				
8	7	29/2	29/2	0.5	3/8	3/8	Chord	2/4	2	1	1/8		1/8	1	67										10				
9	8	15	15	0.5	0	0	Chord	2/4	1	1	1/8		1/8	1	68														
9	8	31/2	31/2	0.5	1/8	1/8	Chord	2/4	1	1	1/8		1/8	1	69														
9	8	16	16	0.5	1/4	1/4	Chord	2/4	1	1	1/8		1/8	1	70										11				
9	8	33/2	33/2	0.5	3/8	3/8	Chord	2/4	1	1	1/8		1/8	1	71										11				
9	8	15	15	0.5	0	0	Chord	2/4	2	1	1/8		1/8	1	72										10				
9	8	31/2	31/2	0.5	1/8	1/8	Chord	2/4	2	1	1/8		1/8	1	73														
9	8	16	16	0.5	1/4	1/4	Chord	2/4	2	1	1/8		1/8	1	74										12				
9	8	33/2	33/2	0.5	3/8	3/8	Chord	2/4	2	1	1/8		1/8	1	75										12				
10	9	17	17	0.5	0	0	Chord	2/4	1	1	1/8		1/8	1	76										11				
10	9	35/2	35/2	0.5	1/8	1/8	Chord	2/4	1	1	1/8		1/8	1	77														
10	9	18	18	0.5	1/4	1/4	Chord	2/4	1	1	1/8		1/8	1	78										13				
10	9	37/2	37/2	0.5	3/8	3/8	Chord	2/4	1	1	1/8		1/8	1	79										13				
10	9	17	17	0.5	0	0	Chord	2/4	2	1	1/8		1/8	1	80										12				
10	9	35/2	35/2	0.5	1/8	1/8	Chord	2/4	2	1	1/8		1/8	1	81														
10	9	18	18	0.5	1/4	1/4	Chord	2/4	2	1	1/8		1/8	1	82										14				
10	9	37/2	37/2	0.5	3/8	3/8	Chord	2/4	2	1	1/8		1/8	1	83										14				
11	10	19	19	1.0	0	0	Chord	2/4	1	1	1/4		1/4	1	84														
11	10	20	20	0.0	1/4	1/4	Spanner	2/4	1	1	0																4		
11	10	20	20	0.5	1/4	1/4	Chord	2/4	1	1	1/8		1/8	1	85										15		4		
11	10	41/2	41/2	0.5	3/8	3/8	Chord	2/4	1	1	1/8		1/8	1	86										15		4		
11	10	19	19	0.5	0	0	Chord	2/4	1	2	1/8		1/8	1	87												4		
11	10	39/2	39/2	0.5	1/8	1/8	Chord	2/4	1	2	1/8		1/8	1	88												4		
11	10	20	20	0.5	1/4	1/4	Chord	2/4	1	2	1/8		1/8	1	89												4		
11	10	41/2	41/2	0.5	3/8	3/8	Chord	2/4	1	2	1/8		1/8	1	90												4		
11	10	19	19	0.5	0	0	Chord	2/4	2	1	1/8		1/8	1	91										14				
11	10	39/2	39/2	0.5	1/8	1/8	Chord	2/4	2	1	1/8		1/8	1	92														
11	10	20	20	0.5	1/4	1/4	Chord	2/4	2	1	1/8		1/8	1	93										16				
11	10	41/2	41/2	0.5	3/8	3/8	Chord	2/4	2	1	1/8		1/8	1	94										16				
12	11	21	21	0.0	0	0	Dynamic	2/4	1	1	0					f									15				
12	11	21	21	0.0	0	0	Spanner	2/4	1	1	0														15				
12	11	21	21	0.5	0	0	Chord	2/4	1	1	1/8		1/8	1	95										15				
12	11	43/2	43/2	0.5	1/8	1/8	Chord	2/4	1	1	1/8		1/8	1	96										15				
12	11	22	22	0.5	1/4	1/4	Chord	2/4	1	1	1/8		1/8	1	97										15				
12	11	45/2	45/2	0.5	3/8	3/8	Chord	2/4	1	1	1/8		1/8	1	98										15				
12	11	21	21	0.5	0	0	Chord	2/4	2	1	1/8		1/8	1	99										16				
12	11	43/2	43/2	0.5	1/8	1/8	Chord	2/4	2	1	1/8		1/8	1	100														
12	11	22	22	0.5	1/4	1/4	Chord	2/4	2	1	1/8		1/8	1	101										17				
12	11	45/2	45/2	0.5	3/8	3/8	Chord	2/4	2	1	1/8		1/8	1	102										17				
13	12	23	23	0.5	0	0	Chord	2/4	1	1	1/8		1/8	1	103										15				
13	12	47/2	47/2	0.5	1/8	1/8	Chord	2/4	1	1	1/8		1/8	1	104														
13	12	24	24	0.0	1/4	1/4	Spanner	2/4	1	1	0																	2	
13	12	49/2	49/2	0.5	3/8	3/8	Chord	2/4	1	1	1/8		1/8	1	105										18			2	
13	12	23	23	0.5	0	0	Chord	2/4	2	1	1/8		1/8	1	106										17				
13	12	47/2	47/2	0.5	1/8	1/8	Chord	2/4	2	1	1/8		1/8	1	107														
13	12	49/2	49/2	0.5	3/8	3/8	Chord	2/4	2	1	1/8		1/8	1	108										19				
14	13	25	25	1.0	0	0	Chord	2/4	1	1	1/4		1/4	1	109		articTenutoBelow											2	
14	13	26	26	0.0	1/4	1/4	Dynamic	2/4	1	1	0					p													
14	13	26	26	0.0	1/4	1/4	StaffText	2/4	1	1	0							poco sostenuto											
14	13	26	26	0.0	1/4	1/4	Spanner	2/4	1	1	0																		
14	13	26	26	1.0	1/4	1/4	Chord	2/4	1	1	1/4		1/4	1	110										20				
14	13	25	25	1.0	0	0	Chord	2/4	2	1	1/4		1/4	1	111														
14	13	53/2	53/2	0.5	3/8	3/8	Chord	2/4	2	1	1/8		1/8	1	112										21				
15	14	27	27	1.0	0	0	Chord	2/4	1	1	1/4		1/4	1	113										20				
15	14	28	28	0.25	1/4	1/4	Chord	2/4	1	1	1/16		1/16	1	114										20				
15	14	113/4	113/4	0.25	5/16	5/16	Chord	2/4	1	1	1/16		1/16	1	115										20				
15	14	57/2	57/2	0.25	3/8	3/8	Chord	2/4	1	1	1/16		1/16	1	116										20				
15	14	115/4	115/4	0.25	7/16	7/16	Chord	2/4	1	1	1/16		1/16	1	117										20				
15	14	57/2	57/2	0.5	3/8	3/8	Chord	2/4	1	2	1/8		1/8	1	118										22				
15	14	27	27	0.5	0	0	Chord	2/4	2	1	1/8		1/8	1	119														
15	14	55/2	55/2	0.5	1/8	1/8	Chord	2/4	2	1	1/8		1/8	1	120										23				
15	14	28	28	0.5	1/4	1/4	Chord	2/4	2	1	1/8		1/8	1	121														
15	14	57/2	57/2	0.5	3/8	3/8	Chord	2/4	2	1	1/8		1/8	1	122										24				
16	15	29	29	0.5	0	0	Chord	2/4	1	1	1/8		1/8	1	123														
16	15	59/2	59/2	0.0	1/8	1/8	StaffText	2/4	1	1	0							a tempo											
16	15	59/2	59/2	0.5	1/8	1/8	Chord	2/4	1	1	1/8		1/8	1	124		articTenutoAbove								25				
16	15	30	30	0.5	1/4	1/4	Chord	2/4	1	1	1/8		1/8	1	125		articTenutoAbove								25				
16	15	61/2	61/2	0.5	3/8	3/8	Chord	2/4	1	1	1/8		1/8	1	126		articTenutoAbove								25				
16	15	29	29	0.0	0	0	StaffText	2/4	1	2	0							cresc.											
16	15	29	29	0.5	0	0	Chord	2/4	1	2	1/8		1/8	1	127														
16	15	59/2	59/2	0.5	1/8	1/8	Chord	2/4	1	2	1/8		1/8	1	128														
16	15	30	30	0.5	1/4	1/4	Chord	2/4	1	2	1/8		1/8	1	129														
16	15	61/2	61/2	0.5	3/8	3/8	Chord	2/4	1	2	1/8		1/8	1	130														
16	15	29	29	0.5	0	0	Chord	2/4	2	1	1/8		1/8	1	131														
16	15	59/2	59/2	0.5	1/8	1/8	Chord	2/4	2	1	1/8		1/8	1	132										26				
16	15	30	30	0.5	1/4	1/4	Chord	2/4	2	1	1/8		1/8	1	133										26				
16	15	61/2	61/2	0.5	3/8	3/8	Chord	2/4	2	1	1/8		1/8	1	134										26				
17	16	31	31	0.5	0	0	Chord	2/4	1	1	1/8		1/8	1	135		articTenutoAbove												
17	16	63/2	63/2	0.5	1/8	1/8	Chord	2/4	1	1	1/8		1/8	1	136										27				
17	16	32	32	0.25	1/4	1/4	Chord	2/4	1	1	1/16		1/16	1	137														
17	16	129/4	129/4	0.25	5/16	5/16	Chord	2/4	1	1	1/16		1/16	1	138														
17	16	65/2	65/2	0.5	3/8	3/8	Chord	2/4	1	1	1/8		1/8	1	139														
17	16	31	31	0.5	0	0	Chord	2/4	1	2	1/8		1/8	1	140														
17	16	63/2	63/2	0.5	1/8	1/8	Chord	2/4	1	2	1/8		1/8	1	141														
17	16	32	32	0.0	1/4	1/4	StaffText	2/4	1	2	0							dimin.											
17	16	32	32	0.5	1/4	1/4	Chord	2/4	1	2	1/8		1/8	1	142														
17	16	65/2	65/2	0.5	3/8	3/8	Chord	2/4	1	2	1/8		1/8	1	143														
17	16	31	31	0.5	0	0	Chord	2/4	2	1	1/8		1/8	1	144														
17	16	63/2	63/2	0.5	1/8	1/8	Chord	2/4	2	1	1/8		1/8	1	145										28				
17	16	32	32	0.5	1/4	1/4	Chord	2/4	2	1	1/8		1/8	1	146										28				
17	16	65/2	65/2	0.5	3/8	3/8	Chord	2/4	2	1	1/8		1/8	1	147										28				
18	17	33	33	1.0	0	0	Chord	2/4	1	1	1/4		1/4	1	148														
18	17	34	34	0.0	1/4	1/4	StaffText	2/4	1	1	0							poco											
18	17	34	34	1.0	1/4	1/4	Chord	2/4	1	1	1/4		1/4	1	149										29				
18	17	33	33	0.25	0	0	Chord	2/4	1	2	1/16		1/16	1	150														
18	17	133/4	133/4	0.25	1/16	1/16	Chord	2/4	1	2	1/16		1/16	1	151														
18	17	67/2	67/2	0.5	1/8	1/8	Chord	2/4	1	2	1/8		1/8	1	152														
18	17	33	33	0.5	0	0	Chord	2/4	2	1	1/8		1/8	1	153										28				
18	17	67/2	67/2	0.5	1/8	1/8	Chord	2/4	2	1	1/8		1/8	1	154										28				
18	17	34	34	0.0	1/4	1/4	Dynamic	2/4	2	1	0					p													
18	17	34	34	0.5	1/4	1/4	Chord	2/4	2	1	1/8		1/8	1	155														
18	17	69/2	69/2	0.5	3/8	3/8	Chord	2/4	2	1	1/8		1/8	1	156										30				
19	18	35	35	0.0	0	0	StaffText	2/4	1	1	0							sostenuto							29				
19	18	35	35	1.0	0	0	Chord	2/4	1	1	1/4		1/4	1	157										29				
19	18	36	36	0.25	1/4	1/4	Chord	2/4	1	1	1/16		1/16	1	158										29				
19	18	145/4	145/4	0.25	5/16	5/16	Chord	2/4	1	1	1/16		1/16	1	159										29				
19	18	73/2	73/2	0.25	3/8	3/8	Chord	2/4	1	1	1/16		1/16	1	160										29				
19	18	147/4	147/4	0.25	7/16	7/16	Chord	2/4	1	1	1/16		1/16	1	161										29				
19	18	73/2	73/2	0.5	3/8	3/8	Chord	2/4	1	2	1/8		1/8	1	162														
19	18	35	35	0.5	0	0	Chord	2/4	2	1	1/8		1/8	1	163														
19	18	71/2	71/2	0.5	1/8	1/8	Chord	2/4	2	1	1/8		1/8	1	164										31				
19	18	36	36	0.5	1/4	1/4	Chord	2/4	2	1	1/8		1/8	1	165														
19	18	73/2	73/2	0.5	3/8	3/8	Chord	2/4	2	1	1/8		1/8	1	166										32				
20	19	37	37	0.0	0	0	StaffText	2/4	1	1	0							poco a poco crescendo e agitato											
20	19	37	37	0.5	0	0	Chord	2/4	1	1	1/8		1/8	1	167														
20	19	75/2	75/2	0.0	1/8	1/8	StaffText	2/4	1	1	0							a tempo											
20	19	75/2	75/2	0.5	1/8	1/8	Chord	2/4	1	1	1/8		1/8	1	168										33				
20	19	38	38	0.5	1/4	1/4	Chord	2/4	1	1	1/8		1/8	1	169										33				
20	19	77/2	77/2	0.5	3/8	3/8	Chord	2/4	1	1	1/8		1/8	1	170										33, 34				
20	19	37	37	0.5	0	0	Chord	2/4	2	1	1/8		1/8	1	171														
20	19	75/2	75/2	1.5	1/8	1/8	Chord	2/4	2	1	3/8		1/4	3/2	172										35				
20	19	75/2	75/2	0.5	1/8	1/8	Chord	2/4	2	2	1/8		1/8	1	173														
20	19	38	38	0.5	1/4	1/4	Chord	2/4	2	2	1/8		1/8	1	174														
20	19	77/2	77/2	0.5	3/8	3/8	Chord	2/4	2	2	1/8		1/8	1	175														
21	20	39	39	0.5	0	0	Chord	2/4	1	1	1/8		1/8	1	176										33				
21	20	79/2	79/2	0.5	1/8	1/8	Chord	2/4	1	1	1/8		1/8	1	177										33				
21	20	40	40	0.25	1/4	1/4	Chord	2/4	1	1	1/16		1/16	1	178										33				
21	20	161/4	161/4	0.25	5/16	5/16	Chord	2/4	1	1	1/16		1/16	1	179										33				
21	20	81/2	81/2	0.25	3/8	3/8	Chord	2/4	1	1	1/16		1/16	1	180										33				
21	20	163/4	163/4	0.25	7/16	7/16	Chord	2/4	1	1	1/16		1/16	1	181										33				
21	20	40	40	1.0	1/4	1/4	Chord	2/4	1	2	1/4		1/4	1	182										36				
21	20	39	39	0.5	0	0	Chord	2/4	2	1	1/8		1/8	1	183														
21	20	79/2	79/2	1.0	1/8	1/8	Chord	2/4	2	1	1/4		1/4	1	184														
21	20	81/2	81/2	0.5	3/8	3/8	Chord	2/4	2	1	1/8		1/8	1	185														
21	20	39	39	0.5	0	0	Chord	2/4	2	2	1/8		1/8	1	186														
21	20	79/2	79/2	0.5	1/8	1/8	Chord	2/4	2	2	1/8		1/8	1	187										37				
21	20	40	40	0.5	1/4	1/4	Chord	2/4	2	2	1/8		1/8	1	188										37				
21	20	81/2	81/2	0.5	3/8	3/8	Chord	2/4	2	2	1/8		1/8	1	189										37				
22	21	41	41	0.5	0	0	Chord	2/4	1	1	1/8		1/8	1	190														
22	21	83/2	83/2	0.5	1/8	1/8	Chord	2/4	1	1	1/8		1/8	1	191										38				
22	21	42	42	0.5	1/4	1/4	Chord	2/4	1	1	1/8		1/8	1	192										38				
22	21	85/2	85/2	0.25	3/8	3/8	Chord	2/4	1	1	1/16		1/16	1	193										38				
22	21	171/4	171/4	0.25	7/16	7/16	Chord	2/4	1	1	1/16		1/16	1	194										38				
22	21	83/2	83/2	0.5	1/8	1/8	Chord	2/4	1	2	1/8		1/8	1	195														
22	21	42	42	0.5	1/4	1/4	Chord	2/4	1	2	1/8		1/8	1	196														
22	21	85/2	85/2	0.5	3/8	3/8	Chord	2/4	1	2	1/8		1/8	1	197														
22	21	41	41	0.5	0	0	Chord	2/4	2	1	1/8		1/8	1	198														
22	21	83/2	83/2	0.5	1/8	1/8	Chord	2/4	2	1	1/8		1/8	1	199										39				
22	21	42	42	0.5	1/4	1/4	Chord	2/4	2	1	1/8		1/8	1	200										39				
22	21	85/2	85/2	0.5	3/8	3/8	Chord	2/4	2	1	1/8		1/8	1	201										39				
23	22	43	43	0.5	0	0	Chord	2/4	1	1	1/8		1/8	1	202														
23	22	87/2	87/2	0.0	1/8	1/8	Spanner	2/4	1	1	0																	3	
23	22	87/2	87/2	0.5	1/8	1/8	Chord	2/4	1	1	1/8		1/8	1	203													3	
23	22	44	44	0.25	1/4	1/4	Chord	2/4	1	1	1/16		1/16	1	204													3	
23	22	177/4	177/4	0.25	5/16	5/16	Chord	2/4	1	1	1/16		1/16	1	205													3	
23	22	89/2	89/2	0.5	3/8	3/8	Chord	2/4	1	1	1/8		1/8	1	206													3	
23	22	43	43	0.5	0	0	Chord	2/4	1	2	1/8		1/8	1	207													3	
23	22	87/2	87/2	0.5	1/8	1/8	Chord	2/4	1	2	1/8		1/8	1	208													3	
23	22	44	44	0.25	1/4	1/4	Chord	2/4	1	2	1/16		1/16	1	209													3	
23	22	177/4	177/4	0.25	5/16	5/16	Chord	2/4	1	2	1/16		1/16	1	210													3	
23	22	89/2	89/2	0.5	3/8	3/8	Chord	2/4	1	2	1/8		1/8	1	211													3	
23	22	43	43	0.5	0	0	Chord	2/4	2	1	1/8		1/8	1	212														
23	22	87/2	87/2	0.5	1/8	1/8	Chord	2/4	2	1	1/8		1/8	1	213										40				
23	22	44	44	0.5	1/4	1/4	Chord	2/4	2	1	1/8		1/8	1	214										40				
23	22	89/2	89/2	0.5	3/8	3/8	Chord	2/4	2	1	1/8		1/8	1	215														
24	23	45	45	0.0	0	0	Spanner	2/4	1	1	0																		
24	23	45	45	0.5	0	0	Chord	2/4	1	1	1/8		1/8	1	216										41				
24	23	91/2	91/2	0.5	1/8	1/8	Chord	2/4	1	1	1/8		1/8	1	217														
24	23	46	46	1.0	1/4	1/4	Chord	2/4	1	1	1/4		1/4	1	218		articTenutoAbove												
24	23	45	45	0.0	0	0	Dynamic	2/4	1	2	0					mf													
24	23	45	45	0.5	0	0	Chord	2/4	1	2	1/8		1/8	1	219														
24	23	91/2	91/2	0.5	1/8	1/8	Chord	2/4	1	2	1/8		1/8	1	220										42				
24	23	46	46	0.5	1/4	1/4	Chord	2/4	1	2	1/8		1/8	1	221										42				
24	23	93/2	93/2	0.5	3/8	3/8	Chord	2/4	1	2	1/8		1/8	1	222										42				
24	23	45	45	0.5	0	0	Chord	2/4	2	1	1/8		1/8	1	223														
24	23	91/2	91/2	0.5	1/8	1/8	Chord	2/4	2	1	1/8		1/8	1	224										43				
24	23	46	46	0.5	1/4	1/4	Chord	2/4	2	1	1/8		1/8	1	225										43				
24	23	93/2	93/2	0.5	3/8	3/8	Chord	2/4	2	1	1/8		1/8	1	226										43				
24	23	45	45	2.0	0	0	Chord	2/4	2	2	1/2		1/2	1	227														
25	24	47	47	0.5	0	0	Chord	2/4	1	1	1/8		1/8	1	228										44				
25	24	95/2	95/2	0.25	1/8	1/8	Chord	2/4	1	1	1/16		1/16	1	229										44				
25	24	191/4	191/4	0.25	3/16	3/16	Chord	2/4	1	1	1/16		1/16	1	230										44				
25	24	48	48	0.5	1/4	1/4	Chord	2/4	1	1	1/8		1/8	1	231										44				
25	24	97/2	97/2	0.5	3/8	3/8	Chord	2/4	1	1	1/8		1/8	1	232										44				
25	24	47	47	1.5	0	0	Chord	2/4	1	2	3/8		1/4	3/2	233														
25	24	97/2	97/2	0.5	3/8	3/8	Chord	2/4	1	2	1/8		1/8	1	234														
25	24	47	47	0.5	0	0	Chord	2/4	2	1	1/8		1/8	1	235										43				
25	24	95/2	95/2	1.0	1/8	1/8	Chord	2/4	2	1	1/4		1/4	1	236										43				
25	24	97/2	97/2	0.5	3/8	3/8	Chord	2/4	2	1	1/8		1/8	1	237										43				
25	24	47	47	1.5	0	0	Chord	2/4	2	2	3/8		1/4	3/2	238														
25	24	97/2	97/2	0.5	3/8	3/8	Chord	2/4	2	2	1/8		1/8	1	239										45				
26	25	49	49	0.5	0	0	Chord	2/4	1	1	1/8		1/8	1	240														
26	25	99/2	99/2	0.0	1/8	1/8	Spanner	2/4	1	1	0																	4	
26	25	99/2	99/2	1.0	1/8	1/8	Chord	2/4	1	1	1/4		1/4	1	241		articTenutoAbove											4	
26	25	101/2	101/2	0.5	3/8	3/8	Chord	2/4	1	1	1/8		1/8	1	242		articTenutoAbove											4	
26	25	49	49	0.5	0	0	Chord	2/4	1	2	1/8		1/8	1	243													4	
26	25	99/2	99/2	0.5	1/8	1/8	Chord	2/4	1	2	1/8		1/8	1	244										46			4	
26	25	50	50	0.5	1/4	1/4	Chord	2/4	1	2	1/8		1/8	1	245										46			4	
26	25	101/2	101/2	0.5	3/8	3/8	Chord	2/4	1	2	1/8		1/8	1	246										46			4	
26	25	49	49	0.5	0	0	Chord	2/4	2	1	1/8		1/8	1	247														
26	25	99/2	99/2	1.0	1/8	1/8	Chord	2/4	2	1	1/4		1/4	1	248														
26	25	101/2	101/2	0.5	3/8	3/8	Chord	2/4	2	1	1/8		1/8	1	249														
26	25	99/2	99/2	0.5	1/8	1/8	Chord	2/4	2	2	1/8		1/8	1	250										47				
26	25	50	50	0.5	1/4	1/4	Chord	2/4	2	2	1/8		1/8	1	251										47				
26	25	101/2	101/2	0.5	3/8	3/8	Chord	2/4	2	2	1/8		1/8	1	252										47				
27	26	51	51	0.0	0	0	Spanner	2/4	1	1	0																		
27	26	51	51	0.5	0	0	Chord	2/4	1	1	1/8		1/8	1	253														
27	26	103/2	103/2	0.5	1/8	1/8	Chord	2/4	1	1	1/8		1/8	1	254										48				
27	26	52	52	0.25	1/4	1/4	Chord	2/4	1	1	1/16		1/16	1	255										48				
27	26	209/4	209/4	0.25	5/16	5/16	Chord	2/4	1	1	1/16		1/16	1	256										48				
27	26	105/2	105/2	0.5	3/8	3/8	Chord	2/4	1	1	1/8		1/8	1	257										48				
27	26	51	51	0.5	0	0	Chord	2/4	1	2	1/8		1/8	1	258														
27	26	103/2	103/2	0.5	1/8	1/8	Chord	2/4	1	2	1/8		1/8	1	259														
27	26	52	52	0.5	1/4	1/4	Chord	2/4	1	2	1/8		1/8	1	260														
27	26	105/2	105/2	0.5	3/8	3/8	Chord	2/4	1	2	1/8		1/8	1	261														
27	26	51	51	0.5	0	0	Chord	2/4	2	1	1/8		1/8	1	262														
27	26	103/2	103/2	0.5	1/8	1/8	Chord	2/4	2	1	1/8		1/8	1	263										49				
27	26	52	52	0.5	1/4	1/4	Chord	2/4	2	1	1/8		1/8	1	264										49				
27	26	105/2	105/2	0.5	3/8	3/8	Chord	2/4	2	1	1/8		1/8	1	265										49				
27	26	51	51	0.5	0	0	Chord	2/4	2	2	1/8		1/8	1	266														
28	27	53	53	0.5	0	0	Chord	2/4	1	1	1/8		1/8	1	267														
28	27	107/2	107/2	0.0	1/8	1/8	Spanner	2/4	1	1	0																	5	
28	27	107/2	107/2	1.0	1/8	1/8	Chord	2/4	1	1	1/4		1/4	1	268		articTenutoAbove								50			5	
28	27	109/2	109/2	0.0	3/8	3/8	StaffText	2/4	1	1	0							calando							50			5	
28	27	109/2	109/2	0.25	3/8	3/8	Chord	2/4	1	1	1/16		1/16	1	269										50			5	
28	27	219/4	219/4	0.25	7/16	7/16	Chord	2/4	1	1	1/16		1/16	1	270										50			5	
28	27	107/2	107/2	0.5	1/8	1/8	Chord	2/4	1	2	1/8		1/8	1	271													5	
28	27	54	54	0.5	1/4	1/4	Chord	2/4	1	2	1/8		1/8	1	272													5	
28	27	109/2	109/2	0.5	3/8	3/8	Chord	2/4	1	2	1/8		1/8	1	273													5	
28	27	53	53	0.5	0	0	Chord	2/4	2	1	1/8		1/8	1	274														
28	27	107/2	107/2	0.5	1/8	1/8	Chord	2/4	2	1	1/8		1/8	1	275		articTenutoBelow								51				
28	27	54	54	0.5	1/4	1/4	Chord	2/4	2	1	1/8		1/8	1	276		articTenutoBelow								51				
28	27	109/2	109/2	0.5	3/8	3/8	Chord	2/4	2	1	1/8		1/8	1	277		articTenutoBelow								51				
29	28	55	55	0.0	0	0	Spanner	2/4	1	1	0																		
29	28	55	55	0.5	0	0	Chord	2/4	1	1	1/8		1/8	1	278														
29	28	111/2	111/2	0.5	1/8	1/8	Chord	2/4	1	1	1/8		1/8	1	279										52				
29	28	56	56	0.0	1/4	1/4	StaffText	2/4	1	1	0							poco											
29	28	56	56	1.0	1/4	1/4	Chord	2/4	1	1	1/4		1/4	1	280														
29	28	55	55	0.5	0	0	Chord	2/4	1	2	1/8		1/8	1	281														
29	28	111/2	111/2	0.5	1/8	1/8	Chord	2/4	1	2	1/8		1/8	1	282														
29	28	56	56	1.0	1/4	1/4	Chord	2/4	1	2	1/4		1/4	1	283														
29	28	55	55	0.5	0	0	Chord	2/4	2	1	1/8		1/8	1	284		articTenutoAbove								51				
29	28	111/2	111/2	0.5	1/8	1/8	Chord	2/4	2	1	1/8		1/8	1	285		articTenutoAbove												
29	28	56	56	0.0	1/4	1/4	Dynamic	2/4	2	1	0					p													
29	28	56	56	1.0	1/4	1/4	Chord	2/4	2	1	1/4		1/4	1	286		articTenutoAbove												
29	28	55	55	0.25	0	0	Chord	2/4	2	2	1/16		1/16	1	287														
29	28	221/4	221/4	0.25	1/16	1/16	Chord	2/4	2	2	1/16		1/16	1	288														
29	28	111/2	111/2	0.5	1/8	1/8	Chord	2/4	2	2	1/8		1/8	1	289														
29	28	56	56	1.0	1/4	1/4	Chord	2/4	2	2	1/4		1/4	1	290														
30	29	57	57	0.0	0	0	SystemText	2/4	1	1	0								"placido, legatissimo
"										
30	29	57	57	0.0	0	0	SystemText	2/4	1	1	0								piu 										
30	29	57	57	0.0	0	0	Dynamic	2/4	1	1	0					p													
30	29	57	57	0.5	0	0	Chord	2/4	1	1	1/8		1/8	1	291										53				
30	29	115/2	115/2	0.5	1/8	1/8	Chord	2/4	1	1	1/8		1/8	1	292														
30	29	58	58	1.0	1/4	1/4	Chord	2/4	1	1	1/4		1/4	1	293		articTenutoAbove												
30	29	57	57	0.5	0	0	Chord	2/4	1	2	1/8		1/8	1	294										54				
30	29	115/2	115/2	0.5	1/8	1/8	Chord	2/4	1	2	1/8		1/8	1	295										54				
30	29	58	58	0.5	1/4	1/4	Chord	2/4	1	2	1/8		1/8	1	296										54				
30	29	117/2	117/2	0.5	3/8	3/8	Chord	2/4	1	2	1/8		1/8	1	297														
30	29	57	57	0.5	0	0	Chord	2/4	2	1	1/8		1/8	1	298										55				
30	29	115/2	115/2	0.5	1/8	1/8	Chord	2/4	2	1	1/8		1/8	1	299										55				
30	29	58	58	0.5	1/4	1/4	Chord	2/4	2	1	1/8		1/8	1	300										55				
30	29	117/2	117/2	0.5	3/8	3/8	Chord	2/4	2	1	1/8		1/8	1	301														
30	29	57	57	0.0	0	0	StaffText	2/4	2	2	0							"una corda
"											
30	29	57	57	2.0	0	0	Chord	2/4	2	2	1/2		1/2	1	302														
31	30	59	59	0.5	0	0	Chord	2/4	1	1	1/8		1/8	1	303										56				
31	30	119/2	119/2	0.5	1/8	1/8	Chord	2/4	1	1	1/8		1/8	1	304										56				
31	30	60	60	1.0	1/4	1/4	Chord	2/4	1	1	1/4		1/4	1	305		articTenutoAbove												
31	30	59	59	0.5	0	0	Chord	2/4	1	2	1/8		1/8	1	306										57				
31	30	119/2	119/2	0.5	1/8	1/8	Chord	2/4	1	2	1/8		1/8	1	307										57				
31	30	60	60	0.5	1/4	1/4	Chord	2/4	1	2	1/8		1/8	1	308										57				
31	30	121/2	121/2	0.5	3/8	3/8	Chord	2/4	1	2	1/8		1/8	1	309														
31	30	59	59	0.5	0	0	Chord	2/4	2	1	1/8		1/8	1	310										58				
31	30	119/2	119/2	0.5	1/8	1/8	Chord	2/4	2	1	1/8		1/8	1	311										58				
31	30	60	60	0.5	1/4	1/4	Chord	2/4	2	1	1/8		1/8	1	312										58				
31	30	121/2	121/2	0.5	3/8	3/8	Chord	2/4	2	1	1/8		1/8	1	313														
31	30	59	59	2.0	0	0	Chord	2/4	2	2	1/2		1/2	1	314														
32	31	61	61	0.5	0	0	Chord	2/4	1	1	1/8		1/8	1	315										59				
32	31	123/2	123/2	0.5	1/8	1/8	Chord	2/4	1	1	1/8		1/8	1	316														
32	31	62	62	1.0	1/4	1/4	Chord	2/4	1	1	1/4		1/4	1	317		articTenutoAbove												
32	31	61	61	0.5	0	0	Chord	2/4	1	2	1/8		1/8	1	318										60				
32	31	123/2	123/2	0.5	1/8	1/8	Chord	2/4	1	2	1/8		1/8	1	319										60				
32	31	62	62	0.5	1/4	1/4	Chord	2/4	1	2	1/8		1/8	1	320										60				
32	31	125/2	125/2	0.5	3/8	3/8	Chord	2/4	1	2	1/8		1/8	1	321														
32	31	61	61	0.5	0	0	Chord	2/4	2	1	1/8		1/8	1	322										61				
32	31	123/2	123/2	0.5	1/8	1/8	Chord	2/4	2	1	1/8		1/8	1	323										61				
32	31	62	62	0.5	1/4	1/4	Chord	2/4	2	1	1/8		1/8	1	324										61				
32	31	125/2	125/2	0.5	3/8	3/8	Chord	2/4	2	1	1/8		1/8	1	325														
32	31	61	61	2.0	0	0	Chord	2/4	2	2	1/2		1/2	1	326														
33	32	63	63	0.5	0	0	Chord	2/4	1	1	1/8		1/8	1	327										62				
33	32	127/2	127/2	0.25	1/8	1/8	Chord	2/4	1	1	1/16		1/16	1	328										62				
33	32	255/4	255/4	0.25	3/16	3/16	Chord	2/4	1	1	1/16		1/16	1	329										62				
33	32	64	64	0.5	1/4	1/4	Chord	2/4	1	1	1/8		1/8	1	330										62				
33	32	129/2	129/2	0.5	3/8	3/8	Chord	2/4	1	1	1/8		1/8	1	331										62				
33	32	63	63	0.5	0	0	Chord	2/4	1	2	1/8		1/8	1	332										63				
33	32	127/2	127/2	0.5	1/8	1/8	Chord	2/4	1	2	1/8		1/8	1	333										63				
33	32	64	64	0.5	1/4	1/4	Chord	2/4	1	2	1/8		1/8	1	334										63				
33	32	129/2	129/2	0.5	3/8	3/8	Chord	2/4	1	2	1/8		1/8	1	335										63				
33	32	63	63	0.5	0	0	Chord	2/4	2	1	1/8		1/8	1	336										64				
33	32	127/2	127/2	0.5	1/8	1/8	Chord	2/4	2	1	1/8		1/8	1	337														
33	32	64	64	0.5	1/4	1/4	Chord	2/4	2	1	1/8		1/8	1	338										65				
33	32	129/2	129/2	0.5	3/8	3/8	Chord	2/4	2	1	1/8		1/8	1	339														
33	32	63	63	2.0	0	0	Chord	2/4	2	2	1/2		1/2	1	340														
34	33	65	65	2.0	0	0	Chord	2/4	1	1	1/2		1/2	1	341														
34	33	65	65	0.5	0	0	Chord	2/4	1	2	1/8		1/8	1	342										63				
34	33	131/2	131/2	0.5	1/8	1/8	Chord	2/4	1	2	1/8		1/8	1	343										63				
34	33	66	66	0.5	1/4	1/4	Chord	2/4	1	2	1/8		1/8	1	344										63				
34	33	133/2	133/2	0.5	3/8	3/8	Chord	2/4	1	2	1/8		1/8	1	345														
34	33	65	65	0.5	0	0	Chord	2/4	2	1	1/8		1/8	1	346										66				
34	33	131/2	131/2	0.5	1/8	1/8	Chord	2/4	2	1	1/8		1/8	1	347										66				
34	33	66	66	0.5	1/4	1/4	Chord	2/4	2	1	1/8		1/8	1	348										66				
34	33	133/2	133/2	0.5	3/8	3/8	Chord	2/4	2	1	1/8		1/8	1	349														
34	33	65	65	2.0	0	0	Chord	2/4	2	2	1/2		1/2	1	350														
35	34	67	67	0.0	0	0	Dynamic	2/4	1	1	0					f													
35	34	67	67	0.0	0	0	Spanner	2/4	1	1	0																5		
35	34	67	67	0.0	0	0	Spanner	2/4	1	1	0																5, 6		
35	34	67	67	0.0	0	0	Chord	2/4	1	1	0	grace16	1/16	1	351										67		5, 6		
35	34	67	67	0.0	0	0	Chord	2/4	1	1	0	grace16	1/16	1	352										67		5, 6		
35	34	67	67	0.75	0	0	Chord	2/4	1	1	3/16		1/8	3/2	353										67		5, 6		
35	34	271/4	271/4	0.0	3/16	3/16	Spanner	2/4	1	1	0														67		6		
35	34	271/4	271/4	0.25	3/16	3/16	Chord	2/4	1	1	1/16		1/16	1	354										67		6		
35	34	68	68	1.0	1/4	1/4	Chord	2/4	1	1	1/4		1/4	1	355												6		
35	34	67	67	0.0	0	0	StaffText	2/4	1	2	0							piu									6		
35	34	135/2	135/2	0.5	1/8	1/8	Chord	2/4	1	2	1/8		1/8	1	356										68		6		
35	34	68	68	0.5	1/4	1/4	Chord	2/4	1	2	1/8		1/8	1	357										68		6		
35	34	137/2	137/2	0.5	3/8	3/8	Chord	2/4	1	2	1/8		1/8	1	358										68		6		
35	34	135/2	135/2	0.5	1/8	1/8	Chord	2/4	2	1	1/8		1/8	1	359										69				
35	34	68	68	0.5	1/4	1/4	Chord	2/4	2	1	1/8		1/8	1	360										69				
35	34	137/2	137/2	0.5	3/8	3/8	Chord	2/4	2	1	1/8		1/8	1	361										69				
36	35	69	69	0.0	0	0	Spanner	2/4	1	1	0																		
36	35	69	69	0.0	0	0	Chord	2/4	1	1	0	acciaccatura	1/8	1	362														
36	35	69	69	0.5	0	0	Chord	2/4	1	1	1/8		1/8	1	363										70				
36	35	139/2	139/2	0.25	1/8	1/8	Chord	2/4	1	1	1/16		1/16	1	364										70				
36	35	279/4	279/4	0.25	3/16	3/16	Chord	2/4	1	1	1/16		1/16	1	365										70				
36	35	70	70	0.0	1/4	1/4	Spanner	2/4	1	1	0														70			6	
36	35	70	70	0.5	1/4	1/4	Chord	2/4	1	1	1/8		1/8	1	366										70			6	
36	35	141/2	141/2	0.5	3/8	3/8	Chord	2/4	1	1	1/8		1/8	1	367										70			6	
36	35	69	69	0.5	0	0	Chord	2/4	1	2	1/8		1/8	1	368										68			6	
36	35	139/2	139/2	0.5	1/8	1/8	Chord	2/4	1	2	1/8		1/8	1	369													6	
36	35	141/2	141/2	0.5	3/8	3/8	Chord	2/4	1	2	1/8		1/8	1	370										71			6	
36	35	69	69	0.5	0	0	Chord	2/4	2	1	1/8		1/8	1	371										69				
36	35	139/2	139/2	0.5	1/8	1/8	Chord	2/4	2	1	1/8		1/8	1	372														
36	35	141/2	141/2	0.5	3/8	3/8	Chord	2/4	2	1	1/8		1/8	1	373										72				
37	36	71	71	0.0	0	0	Spanner	2/4	1	1	0																		
37	36	71	71	2.0	0	0	Chord	2/4	1	1	1/2		1/2	1	374														
37	36	71	71	1.0	0	0	Chord	2/4	1	2	1/4		1/4	1	375										71				
37	36	72	72	1.0	1/4	1/4	Chord	2/4	1	2	1/4		1/4	1	376														
37	36	71	71	0.5	0	0	Chord	2/4	2	1	1/8		1/8	1	377										72				
37	36	143/2	143/2	0.0	1/8	1/8	StaffText	2/4	2	1	0							dim.							72				
37	36	143/2	143/2	0.25	1/8	1/8	Chord	2/4	2	1	1/16		1/16	1	378										72				
37	36	287/4	287/4	0.25	3/16	3/16	Chord	2/4	2	1	1/16		1/16	1	379										72				
37	36	72	72	0.5	1/4	1/4	Chord	2/4	2	1	1/8		1/8	1	380										72				
37	36	145/2	145/2	0.5	3/8	3/8	Chord	2/4	2	1	1/8		1/8	1	381														
37	36	71	71	1.5	0	0	Chord	2/4	2	2	3/8		1/4	3/2	382														
37	36	145/2	145/2	0.5	3/8	3/8	Chord	2/4	2	2	1/8		1/8	1	383														
38	37	73	73	0.0	0	0	StaffText	2/4	1	1	0							cresc. risoluto											
38	37	73	73	0.0	0	0	Spanner	2/4	1	1	0																7		
38	37	73	73	0.0	0	0	Chord	2/4	1	1	0	grace16	1/16	1	384										73		7		
38	37	73	73	0.0	0	0	Chord	2/4	1	1	0	grace16	1/16	1	385										73		7		
38	37	73	73	0.75	0	0	Chord	2/4	1	1	3/16		1/8	3/2	386										73		7		
38	37	295/4	295/4	0.25	3/16	3/16	Chord	2/4	1	1	1/16		1/16	1	387										73		7		
38	37	74	74	0.0	1/4	1/4	Spanner	2/4	1	1	0																		
38	37	74	74	1.0	1/4	1/4	Chord	2/4	1	1	1/4		1/4	1	388														
38	37	147/2	147/2	0.5	1/8	1/8	Chord	2/4	1	2	1/8		1/8	1	389										74				
38	37	74	74	0.5	1/4	1/4	Chord	2/4	1	2	1/8		1/8	1	390										74				
38	37	149/2	149/2	0.5	3/8	3/8	Chord	2/4	1	2	1/8		1/8	1	391										74				
38	37	147/2	147/2	0.0	1/8	1/8	Spanner	2/4	2	1	0																8		
38	37	147/2	147/2	0.5	1/8	1/8	Chord	2/4	2	1	1/8		1/8	1	392										75		8		
38	37	74	74	0.5	1/4	1/4	Chord	2/4	2	1	1/8		1/8	1	393										75		8		
38	37	149/2	149/2	0.5	3/8	3/8	Chord	2/4	2	1	1/8		1/8	1	394										75		8		
39	38	75	75	0.0	0	0	Chord	2/4	1	1	0	acciaccatura	1/8	1	395										76				
39	38	75	75	0.5	0	0	Chord	2/4	1	1	1/8		1/8	1	396										76				
39	38	151/2	151/2	0.25	1/8	1/8	Chord	2/4	1	1	1/16		1/16	1	397										76				
39	38	303/4	303/4	0.25	3/16	3/16	Chord	2/4	1	1	1/16		1/16	1	398										76				
39	38	76	76	0.5	1/4	1/4	Chord	2/4	1	1	1/8		1/8	1	399										76				
39	38	153/2	153/2	0.5	3/8	3/8	Chord	2/4	1	1	1/8		1/8	1	400										76				
39	38	75	75	0.5	0	0	Chord	2/4	1	2	1/8		1/8	1	401										74				
39	38	151/2	151/2	0.5	1/8	1/8	Chord	2/4	1	2	1/8		1/8	1	402														
39	38	153/2	153/2	0.5	3/8	3/8	Chord	2/4	1	2	1/8		1/8	1	403										77				
39	38	75	75	0.0	0	0	Spanner	2/4	2	1	0														75				
39	38	75	75	0.5	0	0	Chord	2/4	2	1	1/8		1/8	1	404										75				
39	38	151/2	151/2	0.5	1/8	1/8	Chord	2/4	2	1	1/8		1/8	1	405														
39	38	153/2	153/2	0.5	3/8	3/8	Chord	2/4	2	1	1/8		1/8	1	406										78				
40	39	77	77	0.0	0	0	Dynamic	2/4	1	1	0					f													
40	39	77	77	0.5	0	0	Chord	2/4	1	1	1/8		1/8	1	407														
40	39	155/2	155/2	0.0	1/8	1/8	Spanner	2/4	1	1	0																	7	
40	39	155/2	155/2	1.0	1/8	1/8	Chord	2/4	1	1	1/4		1/4	1	408		articTenutoAbove											7	
40	39	157/2	157/2	0.5	3/8	3/8	Chord	2/4	1	1	1/8		1/8	1	409		articTenutoAbove											7	
40	39	155/2	155/2	0.5	1/8	1/8	Chord	2/4	1	2	1/8		1/8	1	410										79			7	
40	39	78	78	0.5	1/4	1/4	Chord	2/4	1	2	1/8		1/8	1	411										79			7	
40	39	157/2	157/2	0.5	3/8	3/8	Chord	2/4	1	2	1/8		1/8	1	412										79			7	
40	39	77	77	0.5	0	0	Chord	2/4	2	1	1/8		1/8	1	413														
40	39	155/2	155/2	1.0	1/8	1/8	Chord	2/4	2	1	1/4		1/4	1	414														
40	39	157/2	157/2	0.5	3/8	3/8	Chord	2/4	2	1	1/8		1/8	1	415														
40	39	155/2	155/2	0.5	1/8	1/8	Chord	2/4	2	2	1/8		1/8	1	416										80				
40	39	78	78	0.5	1/4	1/4	Chord	2/4	2	2	1/8		1/8	1	417										80				
40	39	157/2	157/2	0.5	3/8	3/8	Chord	2/4	2	2	1/8		1/8	1	418										80				
41	40	79	79	0.0	0	0	Spanner	2/4	1	1	0																		
41	40	79	79	0.5	0	0	Chord	2/4	1	1	1/8		1/8	1	419														
41	40	159/2	159/2	0.5	1/8	1/8	Chord	2/4	1	1	1/8		1/8	1	420										81				
41	40	80	80	0.25	1/4	1/4	Chord	2/4	1	1	1/16		1/16	1	421										81				
41	40	321/4	321/4	0.25	5/16	5/16	Chord	2/4	1	1	1/16		1/16	1	422										81				
41	40	161/2	161/2	0.5	3/8	3/8	Chord	2/4	1	1	1/8		1/8	1	423										81				
41	40	79	79	0.5	0	0	Chord	2/4	1	2	1/8		1/8	1	424														
41	40	159/2	159/2	0.5	1/8	1/8	Chord	2/4	1	2	1/8		1/8	1	425														
41	40	80	80	0.5	1/4	1/4	Chord	2/4	1	2	1/8		1/8	1	426														
41	40	161/2	161/2	0.5	3/8	3/8	Chord	2/4	1	2	1/8		1/8	1	427														
41	40	79	79	0.5	0	0	Chord	2/4	2	1	1/8		1/8	1	428														
41	40	159/2	159/2	0.5	1/8	1/8	Chord	2/4	2	1	1/8		1/8	1	429										82				
41	40	80	80	0.5	1/4	1/4	Chord	2/4	2	1	1/8		1/8	1	430										82				
41	40	161/2	161/2	0.5	3/8	3/8	Chord	2/4	2	1	1/8		1/8	1	431										82				
41	40	79	79	0.5	0	0	Chord	2/4	2	2	1/8		1/8	1	432														
42	41	81	81	0.5	0	0	Chord	2/4	1	1	1/8		1/8	1	433														
42	41	163/2	163/2	0.0	1/8	1/8	Spanner	2/4	1	1	0																	8	
42	41	163/2	163/2	1.0	1/8	1/8	Chord	2/4	1	1	1/4		1/4	1	434		articTenutoAbove								83			8	
42	41	165/2	165/2	0.25	3/8	3/8	Chord	2/4	1	1	1/16		1/16	1	435										83			8	
42	41	331/4	331/4	0.25	7/16	7/16	Chord	2/4	1	1	1/16		1/16	1	436										83			8	
42	41	81	81	0.5	0	0	Chord	2/4	1	2	1/8		1/8	1	437													8	
42	41	163/2	163/2	0.5	1/8	1/8	Chord	2/4	1	2	1/8		1/8	1	438													8	
42	41	82	82	0.5	1/4	1/4	Chord	2/4	1	2	1/8		1/8	1	439													8	
42	41	165/2	165/2	0.5	3/8	3/8	Chord	2/4	1	2	1/8		1/8	1	440										84			8	
42	41	81	81	0.5	0	0	Chord	2/4	2	1	1/8		1/8	1	441														
42	41	163/2	163/2	0.5	1/8	1/8	Chord	2/4	2	1	1/8		1/8	1	442		articTenutoAbove												
42	41	82	82	0.5	1/4	1/4	Chord	2/4	2	1	1/8		1/8	1	443		articTenutoAbove												
42	41	165/2	165/2	0.5	3/8	3/8	Chord	2/4	2	1	1/8		1/8	1	444		articTenutoAbove												
43	42	83	83	0.0	0	0	StaffText	2/4	1	1	0							poco ritenuto										8	
43	42	83	83	0.5	0	0	Chord	2/4	1	1	1/8		1/8	1	445													8	
43	42	167/2	167/2	0.0	1/8	1/8	Spanner	2/4	1	1	0																		
43	42	167/2	167/2	0.5	1/8	1/8	Chord	2/4	1	1	1/8		1/8	1	446										85				
43	42	84	84	1.0	1/4	1/4	Chord	2/4	1	1	1/4		1/4	1	447														
43	42	83	83	0.5	0	0	Chord	2/4	1	2	1/8		1/8	1	448														
43	42	167/2	167/2	0.0	1/8	1/8	StaffText	2/4	1	2	0							dimin.											
43	42	167/2	167/2	0.5	1/8	1/8	Chord	2/4	1	2	1/8		1/8	1	449														
43	42	84	84	0.5	1/4	1/4	Chord	2/4	1	2	1/8		1/8	1	450														
43	42	169/2	169/2	0.5	3/8	3/8	Chord	2/4	1	2	1/8		1/8	1	451														
43	42	83	83	0.5	0	0	Chord	2/4	2	1	1/8		1/8	1	452		articTenutoAbove												
43	42	167/2	167/2	0.5	1/8	1/8	Chord	2/4	2	1	1/8		1/8	1	453		articTenutoAbove												
43	42	84	84	1.0	1/4	1/4	Chord	2/4	2	1	1/4		1/4	1	454		articTenutoAbove												
43	42	83	83	0.25	0	0	Chord	2/4	2	2	1/16		1/16	1	455										86				
43	42	333/4	333/4	0.25	1/16	1/16	Chord	2/4	2	2	1/16		1/16	1	456										86				
43	42	167/2	167/2	0.5	1/8	1/8	Chord	2/4	2	2	1/8		1/8	1	457														
43	42	84	84	0.25	1/4	1/4	Chord	2/4	2	2	1/16		1/16	1	458										87				
43	42	337/4	337/4	0.25	5/16	5/16	Chord	2/4	2	2	1/16		1/16	1	459										87				
43	42	169/2	169/2	0.5	3/8	3/8	Chord	2/4	2	2	1/8		1/8	1	460														
44	43	85	85	0.5	0	0	Chord	2/4	1	1	1/8		1/8	1	461										88				
44	43	171/2	171/2	0.5	1/8	1/8	Chord	2/4	1	1	1/8		1/8	1	462														
44	43	86	86	1.0	1/4	1/4	Chord	2/4	1	1	1/4		1/4	1	463		articTenutoAbove												
44	43	85	85	0.5	0	0	Chord	2/4	1	2	1/8		1/8	1	464										89				
44	43	171/2	171/2	0.5	1/8	1/8	Chord	2/4	1	2	1/8		1/8	1	465										89				
44	43	86	86	0.5	1/4	1/4	Chord	2/4	1	2	1/8		1/8	1	466										89				
44	43	173/2	173/2	0.5	3/8	3/8	Chord	2/4	1	2	1/8		1/8	1	467														
44	43	85	85	0.0	0	0	Dynamic	2/4	2	1	0					p													
44	43	85	85	0.5	0	0	Chord	2/4	2	1	1/8		1/8	1	468										90				
44	43	171/2	171/2	0.5	1/8	1/8	Chord	2/4	2	1	1/8		1/8	1	469										90				
44	43	86	86	0.5	1/4	1/4	Chord	2/4	2	1	1/8		1/8	1	470										90				
44	43	173/2	173/2	0.5	3/8	3/8	Chord	2/4	2	1	1/8		1/8	1	471														
44	43	85	85	2.0	0	0	Chord	2/4	2	2	1/2		1/2	1	472														
45	44	87	87	0.5	0	0	Chord	2/4	1	1	1/8		1/8	1	473										91				
45	44	175/2	175/2	0.5	1/8	1/8	Chord	2/4	1	1	1/8		1/8	1	474										91				
45	44	88	88	1.0	1/4	1/4	Chord	2/4	1	1	1/4		1/4	1	475														
45	44	87	87	0.5	0	0	Chord	2/4	1	2	1/8		1/8	1	476										92				
45	44	175/2	175/2	0.5	1/8	1/8	Chord	2/4	1	2	1/8		1/8	1	477										92				
45	44	88	88	0.5	1/4	1/4	Chord	2/4	1	2	1/8		1/8	1	478										92				
45	44	177/2	177/2	0.5	3/8	3/8	Chord	2/4	1	2	1/8		1/8	1	479														
45	44	87	87	0.5	0	0	Chord	2/4	2	1	1/8		1/8	1	480										93				
45	44	175/2	175/2	0.5	1/8	1/8	Chord	2/4	2	1	1/8		1/8	1	481										93				
45	44	88	88	0.5	1/4	1/4	Chord	2/4	2	1	1/8		1/8	1	482										93				
45	44	177/2	177/2	0.5	3/8	3/8	Chord	2/4	2	1	1/8		1/8	1	483														
45	44	87	87	2.0	0	0	Chord	2/4	2	2	1/2		1/2	1	484														
46	45	89	89	0.5	0	0	Chord	2/4	1	1	1/8		1/8	1	485										94				
46	45	179/2	179/2	0.25	1/8	1/8	Chord	2/4	1	1	1/16		1/16	1	486										94				
46	45	359/4	359/4	0.25	3/16	3/16	Chord	2/4	1	1	1/16		1/16	1	487										94				
46	45	90	90	0.5	1/4	1/4	Chord	2/4	1	1	1/8		1/8	1	488										94				
46	45	181/2	181/2	0.5	3/8	3/8	Chord	2/4	1	1	1/8		1/8	1	489										94				
46	45	89	89	0.5	0	0	Chord	2/4	1	2	1/8		1/8	1	490										95				
46	45	179/2	179/2	0.5	1/8	1/8	Chord	2/4	1	2	1/8		1/8	1	491										95				
46	45	90	90	0.5	1/4	1/4	Chord	2/4	1	2	1/8		1/8	1	492										95				
46	45	181/2	181/2	0.5	3/8	3/8	Chord	2/4	1	2	1/8		1/8	1	493										95				
46	45	89	89	0.5	0	0	Chord	2/4	2	1	1/8		1/8	1	494										96				
46	45	179/2	179/2	0.5	1/8	1/8	Chord	2/4	2	1	1/8		1/8	1	495														
46	45	90	90	0.5	1/4	1/4	Chord	2/4	2	1	1/8		1/8	1	496										97				
46	45	181/2	181/2	0.5	3/8	3/8	Chord	2/4	2	1	1/8		1/8	1	497														
46	45	89	89	2.0	0	0	Chord	2/4	2	2	1/2		1/2	1	498														
47	46	91	91	2.0	0	0	Chord	2/4	1	1	1/2		1/2	1	499														
47	46	91	91	0.5	0	0	Chord	2/4	1	2	1/8		1/8	1	500										95				
47	46	183/2	183/2	0.5	1/8	1/8	Chord	2/4	1	2	1/8		1/8	1	501										95				
47	46	92	92	0.5	1/4	1/4	Chord	2/4	1	2	1/8		1/8	1	502										95				
47	46	185/2	185/2	0.5	3/8	3/8	Chord	2/4	1	2	1/8		1/8	1	503														
47	46	91	91	0.5	0	0	Chord	2/4	2	1	1/8		1/8	1	504										98				
47	46	183/2	183/2	0.5	1/8	1/8	Chord	2/4	2	1	1/8		1/8	1	505										98				
47	46	92	92	0.5	1/4	1/4	Chord	2/4	2	1	1/8		1/8	1	506										98				
47	46	185/2	185/2	0.5	3/8	3/8	Chord	2/4	2	1	1/8		1/8	1	507														
47	46	91	91	2.0	0	0	Chord	2/4	2	2	1/2		1/2	1	508														
48	47	93	93	0.0	0	0	Spanner	2/4	1	1	0																9		
48	47	93	93	0.0	0	0	Chord	2/4	1	1	0	grace16	1/16	1	509												9		
48	47	93	93	0.0	0	0	Chord	2/4	1	1	0	grace16	1/16	1	510												9		
48	47	93	93	0.75	0	0	Chord	2/4	1	1	3/16		1/8	3/2	511										99		9		
48	47	375/4	375/4	0.0	3/16	3/16	Spanner	2/4	1	1	0														99				
48	47	375/4	375/4	0.25	3/16	3/16	Chord	2/4	1	1	1/16		1/16	1	512										99				
48	47	94	94	1.0	1/4	1/4	Chord	2/4	1	1	1/4		1/4	1	513														
48	47	187/2	187/2	0.0	1/8	1/8	Spanner	2/4	1	2	0																	9	
48	47	187/2	187/2	0.0	1/8	1/8	Spanner	2/4	1	2	0																	9, 10	
48	47	187/2	187/2	1.0	1/8	1/8	Chord	2/4	1	2	1/4		1/4	1	514										100			9, 10	
48	47	189/2	189/2	0.0	3/8	3/8	Spanner	2/4	1	2	0																		
48	47	189/2	189/2	0.0	3/8	3/8	Spanner	2/4	1	2	0																		
48	47	189/2	189/2	0.5	3/8	3/8	Chord	2/4	1	2	1/8		1/8	1	515														
48	47	187/2	187/2	0.0	1/8	1/8	Spanner	2/4	2	1	0																		0
48	47	187/2	187/2	0.5	1/8	1/8	Chord	2/4	2	1	1/8		1/8	1	516										101				0
48	47	94	94	0.5	1/4	1/4	Chord	2/4	2	1	1/8		1/8	1	517										101				0
48	47	189/2	189/2	0.5	3/8	3/8	Chord	2/4	2	1	1/8		1/8	1	518										101				0
49	48	95	95	0.0	0	0	Spanner	2/4	1	1	0																10		
49	48	95	95	0.0	0	0	Chord	2/4	1	1	0	grace16	1/16	1	519										102		10		
49	48	95	95	0.0	0	0	Chord	2/4	1	1	0	grace16	1/16	1	520										102		10		
49	48	95	95	0.75	0	0	Chord	2/4	1	1	3/16		1/8	3/2	521										102		10		
49	48	383/4	383/4	0.0	3/16	3/16	Spanner	2/4	1	1	0														102				
49	48	383/4	383/4	0.0	3/16	3/16	Spanner	2/4	1	1	0														102			11	
49	48	383/4	383/4	0.25	3/16	3/16	Chord	2/4	1	1	1/16		1/16	1	522										102			11	
49	48	96	96	1.0	1/4	1/4	Chord	2/4	1	1	1/4		1/4	1	523													11	
49	48	191/2	191/2	0.0	1/8	1/8	Spanner	2/4	1	2	0																	11, 12	
49	48	191/2	191/2	1.0	1/8	1/8	Chord	2/4	1	2	1/4		1/4	1	524										103			11, 12	
49	48	193/2	193/2	0.0	3/8	3/8	Spanner	2/4	1	2	0																	11	
49	48	193/2	193/2	0.5	3/8	3/8	Chord	2/4	1	2	1/8		1/8	1	525													11	
49	48	95	95	0.5	0	0	Chord	2/4	2	1	1/8		1/8	1	526														0
49	48	191/2	191/2	0.5	1/8	1/8	Chord	2/4	2	1	1/8		1/8	1	527										104				0
49	48	96	96	0.5	1/4	1/4	Chord	2/4	2	1	1/8		1/8	1	528										104				0
49	48	193/2	193/2	0.5	3/8	3/8	Chord	2/4	2	1	1/8		1/8	1	529										104				0
50	49	97	97	0.0	0	0	Spanner	2/4	1	1	0																		
50	49	97	97	0.0	0	0	Chord	2/4	1	1	0	acciaccatura	1/8	1	530														
50	49	97	97	0.5	0	0	Chord	2/4	1	1	1/8		1/8	1	531										105				
50	49	195/2	195/2	0.25	1/8	1/8	Chord	2/4	1	1	1/16		1/16	1	532										105				
50	49	391/4	391/4	0.25	3/16	3/16	Chord	2/4	1	1	1/16		1/16	1	533										105				
50	49	98	98	0.5	1/4	1/4	Chord	2/4	1	1	1/8		1/8	1	534										105				
50	49	197/2	197/2	0.5	3/8	3/8	Chord	2/4	1	1	1/8		1/8	1	535														
50	49	195/2	195/2	0.5	1/8	1/8	Chord	2/4	1	2	1/8		1/8	1	536														
50	49	98	98	0.5	1/4	1/4	Chord	2/4	1	2	1/8		1/8	1	537														
50	49	197/2	197/2	0.5	3/8	3/8	Chord	2/4	1	2	1/8		1/8	1	538														
50	49	97	97	0.0	0	0	StaffText	2/4	2	1	0							calando							104				0
50	49	97	97	0.5	0	0	Chord	2/4	2	1	1/8		1/8	1	539										104				0
50	49	195/2	195/2	0.5	1/8	1/8	Chord	2/4	2	1	1/8		1/8	1	540														0
50	49	197/2	197/2	0.0	3/8	3/8	Spanner	2/4	2	1	0																		
50	49	197/2	197/2	0.5	3/8	3/8	Chord	2/4	2	1	1/8		1/8	1	541										106				
51	50	99	99	0.0	0	0	StaffText	2/4	1	1	0							poco  											
51	50	99	99	0.0	0	0	Dynamic	2/4	1	1	0					pp													
51	50	99	99	1.0	0	0	Chord	2/4	1	1	1/4		1/4	1	542														
51	50	100	100	0.0	1/4	1/4	StaffText	2/4	1	1	0							Tempo I											
51	50	100	100	0.0	1/4	1/4	Dynamic	2/4	1	1	0					p													
51	50	100	100	0.5	1/4	1/4	Chord	2/4	1	1	1/8		1/8	1	543										107				
51	50	201/2	201/2	0.5	3/8	3/8	Chord	2/4	1	1	1/8		1/8	1	544										107				
51	50	99	99	0.0	0	0	StaffText	2/4	2	1	0							poco											
51	50	99	99	1.0	0	0	Chord	2/4	2	1	1/4		1/4	1	545														
51	50	100	100	0.5	1/4	1/4	Chord	2/4	2	1	1/8		1/8	1	546										108				
51	50	201/2	201/2	0.5	3/8	3/8	Chord	2/4	2	1	1/8		1/8	1	547										108				
52	51	101	101	0.5	0	0	Chord	2/4	1	1	1/8		1/8	1	548										107				
52	51	203/2	203/2	0.5	1/8	1/8	Chord	2/4	1	1	1/8		1/8	1	549														
52	51	102	102	0.5	1/4	1/4	Chord	2/4	1	1	1/8		1/8	1	550										109				
52	51	205/2	205/2	0.5	3/8	3/8	Chord	2/4	1	1	1/8		1/8	1	551										109				
52	51	101	101	0.5	0	0	Chord	2/4	2	1	1/8		1/8	1	552										108				
52	51	203/2	203/2	0.5	1/8	1/8	Chord	2/4	2	1	1/8		1/8	1	553														
52	51	102	102	0.5	1/4	1/4	Chord	2/4	2	1	1/8		1/8	1	554										110				
52	51	205/2	205/2	0.5	3/8	3/8	Chord	2/4	2	1	1/8		1/8	1	555										110				
53	52	103	103	0.5	0	0	Chord	2/4	1	1	1/8		1/8	1	556										109				
53	52	207/2	207/2	0.5	1/8	1/8	Chord	2/4	1	1	1/8		1/8	1	557														
53	52	104	104	0.5	1/4	1/4	Chord	2/4	1	1	1/8		1/8	1	558										111				
53	52	209/2	209/2	0.5	3/8	3/8	Chord	2/4	1	1	1/8		1/8	1	559										111				
53	52	103	103	0.5	0	0	Chord	2/4	2	1	1/8		1/8	1	560										110				
53	52	207/2	207/2	0.5	1/8	1/8	Chord	2/4	2	1	1/8		1/8	1	561														
53	52	104	104	0.5	1/4	1/4	Chord	2/4	2	1	1/8		1/8	1	562										112				
53	52	209/2	209/2	0.5	3/8	3/8	Chord	2/4	2	1	1/8		1/8	1	563										112				
54	53	105	105	0.0	0	0	Chord	2/4	1	1	0	acciaccatura	1/8	1	564										111				
54	53	105	105	1.0	0	0	Chord	2/4	1	1	1/4		1/4	1	565		articTenutoAbove								111				
54	53	106	106	0.0	1/4	1/4	Spanner	2/4	1	1	0																11		
54	53	106	106	0.5	1/4	1/4	Chord	2/4	1	1	1/8		1/8	1	566										113		11		
54	53	213/2	213/2	0.5	3/8	3/8	Chord	2/4	1	1	1/8		1/8	1	567										113		11		
54	53	105	105	0.5	0	0	Chord	2/4	1	2	1/8		1/8	1	568												11		
54	53	211/2	211/2	0.5	1/8	1/8	Chord	2/4	1	2	1/8		1/8	1	569												11		
54	53	106	106	0.5	1/4	1/4	Chord	2/4	1	2	1/8		1/8	1	570												11		
54	53	213/2	213/2	0.5	3/8	3/8	Chord	2/4	1	2	1/8		1/8	1	571												11		
54	53	105	105	0.5	0	0	Chord	2/4	2	1	1/8		1/8	1	572										112				
54	53	211/2	211/2	0.5	1/8	1/8	Chord	2/4	2	1	1/8		1/8	1	573														
54	53	106	106	0.5	1/4	1/4	Chord	2/4	2	1	1/8		1/8	1	574										114				
54	53	213/2	213/2	0.5	3/8	3/8	Chord	2/4	2	1	1/8		1/8	1	575										114				
55	54	107	107	0.0	0	0	Spanner	2/4	1	1	0														113				
55	54	107	107	0.5	0	0	Chord	2/4	1	1	1/8		1/8	1	576										113				
55	54	215/2	215/2	0.5	1/8	1/8	Chord	2/4	1	1	1/8		1/8	1	577										113				
55	54	108	108	0.5	1/4	1/4	Chord	2/4	1	1	1/8		1/8	1	578										113				
55	54	217/2	217/2	0.5	3/8	3/8	Chord	2/4	1	1	1/8		1/8	1	579										113				
55	54	107	107	0.5	0	0	Chord	2/4	2	1	1/8		1/8	1	580										114				
55	54	215/2	215/2	0.5	1/8	1/8	Chord	2/4	2	1	1/8		1/8	1	581														
55	54	108	108	0.0	1/4	1/4	Spanner	2/4	2	1	0																12		
55	54	108	108	0.5	1/4	1/4	Chord	2/4	2	1	1/8		1/8	1	582												12		
55	54	217/2	217/2	0.5	3/8	3/8	Chord	2/4	2	1	1/8		1/8	1	583												12		
56	55	109	109	0.5	0	0	Chord	2/4	1	1	1/8		1/8	1	584										113				
56	55	219/2	219/2	0.5	1/8	1/8	Chord	2/4	1	1	1/8		1/8	1	585										113				
56	55	110	110	0.5	1/4	1/4	Chord	2/4	1	1	1/8		1/8	1	586										113				
56	55	221/2	221/2	0.5	3/8	3/8	Chord	2/4	1	1	1/8		1/8	1	587														
56	55	109	109	0.0	0	0	Spanner	2/4	2	1	0																		
56	55	109	109	0.5	0	0	Chord	2/4	2	1	1/8		1/8	1	588										115				
56	55	219/2	219/2	0.5	1/8	1/8	Chord	2/4	2	1	1/8		1/8	1	589										115				
56	55	110	110	0.5	1/4	1/4	Chord	2/4	2	1	1/8		1/8	1	590										115				
56	55	221/2	221/2	0.5	3/8	3/8	Chord	2/4	2	1	1/8		1/8	1	591										115				
56	55	109	109	0.0	0	0	Dynamic	2/4	2	2	0					p													
56	55	109	109	2.0	0	0	Chord	2/4	2	2	1/2		1/2	1	592														
57	56	111	111	1.0	0	0	Chord	2/4	1	1	1/4		1/4	1	593														
57	56	112	112	0.5	1/4	1/4	Chord	2/4	1	1	1/8		1/8	1	594										116				
57	56	225/2	225/2	0.5	3/8	3/8	Chord	2/4	1	1	1/8		1/8	1	595										116				
57	56	111	111	0.5	0	0	Chord	2/4	1	2	1/8		1/8	1	596										117				
57	56	223/2	223/2	1.0	1/8	1/8	Chord	2/4	1	2	1/4		1/4	1	597										117				
57	56	225/2	225/2	0.5	3/8	3/8	Chord	2/4	1	2	1/8		1/8	1	598										117				
57	56	111	111	0.5	0	0	Chord	2/4	2	1	1/8		1/8	1	599										115				
57	56	223/2	223/2	0.5	1/8	1/8	Chord	2/4	2	1	1/8		1/8	1	600										115				
57	56	112	112	0.5	1/4	1/4	Chord	2/4	2	1	1/8		1/8	1	601										115				
57	56	225/2	225/2	0.5	3/8	3/8	Chord	2/4	2	1	1/8		1/8	1	602										115				
57	56	111	111	2.0	0	0	Chord	2/4	2	2	1/2		1/2	1	603														
58	57	113	113	0.0	0	0	StaffText	2/4	1	1	0							pochissimo							116				
58	57	113	113	0.5	0	0	Chord	2/4	1	1	1/8		1/8	1	604										116				
58	57	227/2	227/2	0.5	1/8	1/8	Chord	2/4	1	1	1/8		1/8	1	605														
58	57	114	114	0.0	1/4	1/4	Dynamic	2/4	1	1	0					mf													
58	57	114	114	0.0	1/4	1/4	Spanner	2/4	1	1	0																13		
58	57	114	114	0.5	1/4	1/4	Chord	2/4	1	1	1/8		1/8	1	606										118		13		
58	57	229/2	229/2	0.5	3/8	3/8	Chord	2/4	1	1	1/8		1/8	1	607										118		13		
58	57	113	113	1.0	0	0	Chord	2/4	1	2	1/4		1/4	1	608												13		
58	57	113	113	1.0	0	0	Chord	2/4	2	1	1/4		1/4	1	609														
58	57	114	114	0.5	1/4	1/4	Chord	2/4	2	1	1/8		1/8	1	610										119				
58	57	229/2	229/2	0.5	3/8	3/8	Chord	2/4	2	1	1/8		1/8	1	611										119				
59	58	115	115	0.0	0	0	Spanner	2/4	1	1	0														118				
59	58	115	115	0.0	0	0	Spanner	2/4	1	1	0														118			13	
59	58	115	115	0.5	0	0	Chord	2/4	1	1	1/8		1/8	1	612										118			13	
59	58	231/2	231/2	0.5	1/8	1/8	Chord	2/4	1	1	1/8		1/8	1	613													13	
59	58	116	116	0.5	1/4	1/4	Chord	2/4	1	1	1/8		1/8	1	614										120			13	
59	58	233/2	233/2	0.5	3/8	3/8	Chord	2/4	1	1	1/8		1/8	1	615										120			13	
59	58	115	115	0.5	0	0	Chord	2/4	2	1	1/8		1/8	1	616										119				
59	58	231/2	231/2	0.5	1/8	1/8	Chord	2/4	2	1	1/8		1/8	1	617														
59	58	116	116	0.5	1/4	1/4	Chord	2/4	2	1	1/8		1/8	1	618										121				
59	58	233/2	233/2	0.5	3/8	3/8	Chord	2/4	2	1	1/8		1/8	1	619										121				
60	59	117	117	0.0	0	0	Spanner	2/4	1	1	0																		
60	59	117	117	0.0	0	0	Chord	2/4	1	1	0	acciaccatura	1/8	1	620														
60	59	117	117	1.0	0	0	Chord	2/4	1	1	1/4		1/4	1	621		articTenutoAbove												
60	59	118	118	0.0	1/4	1/4	Spanner	2/4	1	1	0																14		
60	59	118	118	0.5	1/4	1/4	Chord	2/4	1	1	1/8		1/8	1	622										122		14		
60	59	237/2	237/2	0.5	3/8	3/8	Chord	2/4	1	1	1/8		1/8	1	623										122		14		
60	59	117	117	0.5	0	0	Chord	2/4	1	2	1/8		1/8	1	624												14		
60	59	235/2	235/2	0.5	1/8	1/8	Chord	2/4	1	2	1/8		1/8	1	625												14		
60	59	118	118	0.5	1/4	1/4	Chord	2/4	1	2	1/8		1/8	1	626												14		
60	59	237/2	237/2	0.5	3/8	3/8	Chord	2/4	1	2	1/8		1/8	1	627												14		
60	59	117	117	0.5	0	0	Chord	2/4	2	1	1/8		1/8	1	628										121				
60	59	235/2	235/2	0.5	1/8	1/8	Chord	2/4	2	1	1/8		1/8	1	629														
60	59	118	118	0.5	1/4	1/4	Chord	2/4	2	1	1/8		1/8	1	630										123				
60	59	237/2	237/2	0.5	3/8	3/8	Chord	2/4	2	1	1/8		1/8	1	631										123				
61	60	119	119	0.0	0	0	Spanner	2/4	1	1	0														122				
61	60	119	119	0.5	0	0	Chord	2/4	1	1	1/8		1/8	1	632										122				
61	60	239/2	239/2	0.5	1/8	1/8	Chord	2/4	1	1	1/8		1/8	1	633										122				
61	60	120	120	0.5	1/4	1/4	Chord	2/4	1	1	1/8		1/8	1	634										122				
61	60	241/2	241/2	0.5	3/8	3/8	Chord	2/4	1	1	1/8		1/8	1	635										122				
61	60	119	119	0.0	0	0	Dynamic	2/4	2	1	0					f									123				
61	60	119	119	0.5	0	0	Chord	2/4	2	1	1/8		1/8	1	636										123				
61	60	239/2	239/2	0.5	1/8	1/8	Chord	2/4	2	1	1/8		1/8	1	637														
61	60	120	120	0.5	1/4	1/4	Chord	2/4	2	1	1/8		1/8	1	638										124				
61	60	241/2	241/2	0.5	3/8	3/8	Chord	2/4	2	1	1/8		1/8	1	639										124				
62	61	121	121	0.5	0	0	Chord	2/4	1	1	1/8		1/8	1	640										122				
62	61	243/2	243/2	0.5	1/8	1/8	Chord	2/4	1	1	1/8		1/8	1	641														
62	61	245/2	245/2	0.5	3/8	3/8	Chord	2/4	1	1	1/8		1/8	1	642										125				
62	61	121	121	0.5	0	0	Chord	2/4	2	1	1/8		1/8	1	643										124				
62	61	243/2	243/2	0.5	1/8	1/8	Chord	2/4	2	1	1/8		1/8	1	644														
62	61	245/2	245/2	0.5	3/8	3/8	Chord	2/4	2	1	1/8		1/8	1	645										126				
63	62	123	123	0.0	0	0	StaffText	2/4	1	1	0							molto crescendo											
63	62	123	123	0.5	0	0	Chord	2/4	1	1	1/8		1/8	1	646														
63	62	247/2	247/2	0.5	1/8	1/8	Chord	2/4	1	1	1/8		1/8	1	647														
63	62	124	124	0.5	1/4	1/4	Chord	2/4	1	1	1/8		1/8	1	648														
63	62	249/2	249/2	0.5	3/8	3/8	Chord	2/4	1	1	1/8		1/8	1	649										127				
63	62	123	123	1.5	0	0	Chord	2/4	1	2	3/8		1/4	3/2	650														
63	62	123	123	0.5	0	0	Chord	2/4	2	1	1/8		1/8	1	651										126				
63	62	247/2	247/2	0.5	1/8	1/8	Chord	2/4	2	1	1/8		1/8	1	652										126				
63	62	124	124	0.5	1/4	1/4	Chord	2/4	2	1	1/8		1/8	1	653														
63	62	249/2	249/2	0.5	3/8	3/8	Chord	2/4	2	1	1/8		1/8	1	654										128				
64	63	125	125	0.5	0	0	Chord	2/4	1	1	1/8		1/8	1	655														
64	63	251/2	251/2	1.0	1/8	1/8	Chord	2/4	1	1	1/4		1/4	1	656										129				
64	63	253/2	253/2	0.5	3/8	3/8	Chord	2/4	1	1	1/8		1/8	1	657														
64	63	251/2	251/2	0.5	1/8	1/8	Chord	2/4	1	2	1/8		1/8	1	658										130				
64	63	126	126	0.5	1/4	1/4	Chord	2/4	1	2	1/8		1/8	1	659										130				
64	63	253/2	253/2	0.5	3/8	3/8	Chord	2/4	1	2	1/8		1/8	1	660														
64	63	125	125	0.5	0	0	Chord	2/4	2	1	1/8		1/8	1	661														
64	63	251/2	251/2	0.5	1/8	1/8	Chord	2/4	2	1	1/8		1/8	1	662										131				
64	63	126	126	0.5	1/4	1/4	Chord	2/4	2	1	1/8		1/8	1	663										131				
64	63	253/2	253/2	0.5	3/8	3/8	Chord	2/4	2	1	1/8		1/8	1	664										131				
65	64	127	127	0.0	0	0	Spanner	2/4	1	1	0																15		
65	64	127	127	0.75	0	0	Chord	2/4	1	1	3/16		1/8	3/2	665										132		15		
65	64	511/4	511/4	0.25	3/16	3/16	Chord	2/4	1	1	1/16		1/16	1	666										132		15		
65	64	128	128	0.25	1/4	1/4	Chord	2/4	1	1	1/16		1/16	1	667										132		15		
65	64	513/4	513/4	0.25	5/16	5/16	Chord	2/4	1	1	1/16		1/16	1	668												15		
65	64	515/4	515/4	0.25	7/16	7/16	Chord	2/4	1	1	1/16		1/16	1	669										133		15		
65	64	127	127	0.5	0	0	Chord	2/4	2	1	1/8		1/8	1	670														
65	64	255/2	255/2	0.5	1/8	1/8	Chord	2/4	2	1	1/8		1/8	1	671										134				
65	64	128	128	0.5	1/4	1/4	Chord	2/4	2	1	1/8		1/8	1	672										134				
65	64	257/2	257/2	0.5	3/8	3/8	Chord	2/4	2	1	1/8		1/8	1	673										134				
65	64	255/2	255/2	1.0	1/8	1/8	Chord	2/4	2	2	1/4		1/4	1	674														
65	64	257/2	257/2	0.5	3/8	3/8	Chord	2/4	2	2	1/8		1/8	1	675														
66	65	129	129	0.0	0	0	Spanner	2/4	1	1	0																		
66	65	129	129	1.0	0	0	Chord	2/4	1	1	1/4		1/4	1	676		articTenutoAbove												
66	65	130	130	0.0	1/4	1/4	Dynamic	2/4	1	1	0					ff													
66	65	130	130	1.0	1/4	1/4	Chord	2/4	1	1	1/4		1/4	1	677		articTenutoAbove												
66	65	129	129	1.0	0	0	Chord	2/4	2	1	1/4		1/4	1	678		articTenutoAbove												
66	65	130	130	0.5	1/4	1/4	Chord	2/4	2	1	1/8		1/8	1	679														
66	65	261/2	261/2	0.5	3/8	3/8	Chord	2/4	2	1	1/8		1/8	1	680										135				
67	66	131	131	0.0	0	0	StaffText	2/4	1	1	0							pesante											
67	66	131	131	1.0	0	0	Chord	2/4	1	1	1/4		1/4	1	681		articTenutoBelow												
67	66	132	132	0.75	1/4	1/4	Chord	2/4	1	1	3/16		1/8	3/2	682										136				
67	66	531/4	531/4	0.25	7/16	7/16	Chord	2/4	1	1	1/16		1/16	1	683										136				
67	66	132	132	1.0	1/4	1/4	Chord	2/4	1	2	1/4		1/4	1	684														
67	66	131	131	0.5	0	0	Chord	2/4	2	1	1/8		1/8	1	685														
67	66	263/2	263/2	0.5	1/8	1/8	Chord	2/4	2	1	1/8		1/8	1	686										137				
67	66	132	132	0.5	1/4	1/4	Chord	2/4	2	1	1/8		1/8	1	687														
67	66	265/2	265/2	0.5	3/8	3/8	Chord	2/4	2	1	1/8		1/8	1	688										138				
68	67	133	133	1.0	0	0	Chord	2/4	1	1	1/4		1/4	1	689		articTenutoAbove												
68	67	134	134	0.5	1/4	1/4	Chord	2/4	1	1	1/8		1/8	1	690														
68	67	269/2	269/2	0.5	3/8	3/8	Chord	2/4	1	1	1/8		1/8	1	691										139				
68	67	133	133	1.0	0	0	Chord	2/4	1	2	1/4		1/4	1	692														
68	67	133	133	0.5	0	0	Chord	2/4	2	1	1/8		1/8	1	693														
68	67	267/2	267/2	0.5	1/8	1/8	Chord	2/4	2	1	1/8		1/8	1	694										140				
68	67	134	134	0.5	1/4	1/4	Chord	2/4	2	1	1/8		1/8	1	695														
68	67	269/2	269/2	0.5	3/8	3/8	Chord	2/4	2	1	1/8		1/8	1	696										141				
69	68	135	135	0.5	0	0	Chord	2/4	1	1	1/8		1/8	1	697														
69	68	271/2	271/2	0.5	1/8	1/8	Chord	2/4	1	1	1/8		1/8	1	698										142				
69	68	136	136	0.25	1/4	1/4	Chord	2/4	1	1	1/16		1/16	1	699										143				
69	68	545/4	545/4	0.25	5/16	5/16	Chord	2/4	1	1	1/16		1/16	1	700										143				
69	68	547/4	547/4	0.25	7/16	7/16	Chord	2/4	1	1	1/16		1/16	1	701										143				
69	68	136	136	1.0	1/4	1/4	Chord	2/4	1	2	1/4		1/4	1	702														
69	68	135	135	0.5	0	0	Chord	2/4	2	1	1/8		1/8	1	703														
69	68	271/2	271/2	0.5	1/8	1/8	Chord	2/4	2	1	1/8		1/8	1	704										144				
69	68	136	136	0.5	1/4	1/4	Chord	2/4	2	1	1/8		1/8	1	705														
69	68	273/2	273/2	0.5	3/8	3/8	Chord	2/4	2	1	1/8		1/8	1	706										145				
70	69	137	137	1.0	0	0	Chord	2/4	1	1	1/4		1/4	1	707		articTenutoAbove												
70	69	138	138	0.25	1/4	1/4	Chord	2/4	1	1	1/16		1/16	1	708										146				
70	69	553/4	553/4	0.25	5/16	5/16	Chord	2/4	1	1	1/16		1/16	1	709														
70	69	555/4	555/4	0.25	7/16	7/16	Chord	2/4	1	1	1/16		1/16	1	710										147				
70	69	138	138	1.0	1/4	1/4	Chord	2/4	1	2	1/4		1/4	1	711														
70	69	137	137	0.5	0	0	Chord	2/4	2	1	1/8		1/8	1	712														
70	69	275/2	275/2	0.5	1/8	1/8	Chord	2/4	2	1	1/8		1/8	1	713										148				
70	69	138	138	0.5	1/4	1/4	Chord	2/4	2	1	1/8		1/8	1	714														
70	69	277/2	277/2	0.5	3/8	3/8	Chord	2/4	2	1	1/8		1/8	1	715										149				
71	70	139	139	0.0	0	0	SystemText	2/4	1	1	0								crescendo										
71	70	139	139	1.0	0	0	Chord	2/4	1	1	1/4		1/4	1	716		articTenutoAbove												
71	70	140	140	1.0	1/4	1/4	Chord	2/4	1	1	1/4		1/4	1	717		articTenutoAbove												
71	70	139	139	0.5	0	0	Chord	2/4	1	2	1/8		1/8	1	718														
71	70	279/2	279/2	0.5	1/8	1/8	Chord	2/4	1	2	1/8		1/8	1	719														
71	70	140	140	0.5	1/4	1/4	Chord	2/4	1	2	1/8		1/8	1	720														
71	70	281/2	281/2	0.5	3/8	3/8	Chord	2/4	1	2	1/8		1/8	1	721														
71	70	139	139	0.5	0	0	Chord	2/4	2	1	1/8		1/8	1	722														
71	70	279/2	279/2	0.5	1/8	1/8	Chord	2/4	2	1	1/8		1/8	1	723										150				
71	70	140	140	0.5	1/4	1/4	Chord	2/4	2	1	1/8		1/8	1	724														
71	70	281/2	281/2	0.5	3/8	3/8	Chord	2/4	2	1	1/8		1/8	1	725										151				
72	71	141	141	1.0	0	0	Chord	2/4	1	1	1/4		1/4	1	726		articTenutoAbove												
72	71	142	142	0.25	1/4	1/4	Chord	2/4	1	1	1/16		1/16	1	727										152				
72	71	569/4	569/4	0.25	5/16	5/16	Chord	2/4	1	1	1/16		1/16	1	728														
72	71	571/4	571/4	0.25	7/16	7/16	Chord	2/4	1	1	1/16		1/16	1	729										153				
72	71	142	142	1.0	1/4	1/4	Chord	2/4	1	2	1/4		1/4	1	730														
72	71	141	141	0.5	0	0	Chord	2/4	2	1	1/8		1/8	1	731														
72	71	283/2	283/2	0.5	1/8	1/8	Chord	2/4	2	1	1/8		1/8	1	732										154				
72	71	142	142	0.5	1/4	1/4	Chord	2/4	2	1	1/8		1/8	1	733														
72	71	285/2	285/2	0.5	3/8	3/8	Chord	2/4	2	1	1/8		1/8	1	734										155				
73	72	143	143	0.0	0	0	Dynamic	2/4	1	1	0					ff													
73	72	143	143	1.0	0	0	Chord	2/4	1	1	1/4		1/4	1	735		articTenutoAbove												
73	72	144	144	0.0	1/4	1/4	SystemText	2/4	1	1	0								piano										
73	72	144	144	0.25	1/4	1/4	Chord	2/4	1	1	1/16		1/16	1	736										156				
73	72	577/4	577/4	0.25	5/16	5/16	Chord	2/4	1	1	1/16		1/16	1	737														
73	72	579/4	579/4	0.25	7/16	7/16	Chord	2/4	1	1	1/16		1/16	1	738										157				
73	72	143	143	0.5	0	0	Chord	2/4	1	2	1/8		1/8	1	739										158				
73	72	287/2	287/2	0.5	1/8	1/8	Chord	2/4	1	2	1/8		1/8	1	740														
73	72	144	144	1.0	1/4	1/4	Chord	2/4	1	2	1/4		1/4	1	741														
73	72	143	143	0.5	0	0	Chord	2/4	2	1	1/8		1/8	1	742														
73	72	287/2	287/2	0.5	1/8	1/8	Chord	2/4	2	1	1/8		1/8	1	743										159				
73	72	144	144	0.5	1/4	1/4	Chord	2/4	2	1	1/8		1/8	1	744														
73	72	289/2	289/2	0.5	3/8	3/8	Chord	2/4	2	1	1/8		1/8	1	745										160				
74	73	145	145	0.0	0	0	Spanner	2/4	1	1	0																16		
74	73	145	145	0.25	0	0	Chord	2/4	1	1	1/16		1/16	1	746												16		
74	73	581/4	581/4	0.25	1/16	1/16	Chord	2/4	1	1	1/16		1/16	1	747												16		
74	73	583/4	583/4	0.25	3/16	3/16	Chord	2/4	1	1	1/16		1/16	1	748												16		
74	73	146	146	0.0	1/4	1/4	StaffText	2/4	1	1	0							cantabile									16		
74	73	146	146	1.0	1/4	1/4	Chord	2/4	1	1	1/4		1/4	1	749		articTenutoAbove										16		
74	73	145	145	1.0	0	0	Chord	2/4	1	2	1/4		1/4	1	750												16		
74	73	146	146	1.0	1/4	1/4	Chord	2/4	1	2	1/4		1/4	1	751												16		
74	73	145	145	0.5	0	0	Chord	2/4	2	1	1/8		1/8	1	752														
74	73	291/2	291/2	0.5	1/8	1/8	Chord	2/4	2	1	1/8		1/8	1	753										161				
74	73	146	146	0.5	1/4	1/4	Chord	2/4	2	1	1/8		1/8	1	754														
74	73	293/2	293/2	0.5	3/8	3/8	Chord	2/4	2	1	1/8		1/8	1	755										162				
75	74	147	147	0.0	0	0	Dynamic	2/4	1	1	0					p													
75	74	147	147	0.0	0	0	StaffText	2/4	1	1	0							sostenuto											
75	74	147	147	0.0	0	0	Spanner	2/4	1	1	0																		
75	74	147	147	2.0	0	0	Chord	2/4	1	1	1/2		1/2	1	756														
75	74	147	147	1.0	0	0	Chord	2/4	1	2	1/4		1/4	1	757														
75	74	148	148	0.25	1/4	1/4	Chord	2/4	1	2	1/16		1/16	1	758										163				
75	74	593/4	593/4	0.25	5/16	5/16	Chord	2/4	1	2	1/16		1/16	1	759										163				
75	74	297/2	297/2	0.25	3/8	3/8	Chord	2/4	1	2	1/16		1/16	1	760										163				
75	74	595/4	595/4	0.25	7/16	7/16	Chord	2/4	1	2	1/16		1/16	1	761										163				
75	74	297/2	297/2	0.5	3/8	3/8	Chord	2/4	1	3	1/8		1/8	1	762										164				
75	74	147	147	0.5	0	0	Chord	2/4	2	1	1/8		1/8	1	763														
75	74	295/2	295/2	0.5	1/8	1/8	Chord	2/4	2	1	1/8		1/8	1	764										165				
75	74	148	148	0.5	1/4	1/4	Chord	2/4	2	1	1/8		1/8	1	765														
75	74	297/2	297/2	0.5	3/8	3/8	Chord	2/4	2	1	1/8		1/8	1	766										166				
76	75	149	149	0.5	0	0	Chord	2/4	1	1	1/8		1/8	1	767														
76	75	299/2	299/2	0.0	1/8	1/8	Spanner	2/4	1	1	0																	14	
76	75	299/2	299/2	1.0	1/8	1/8	Chord	2/4	1	1	1/4		1/4	1	768		articTenutoAbove											14	
76	75	301/2	301/2	0.25	3/8	3/8	Chord	2/4	1	1	1/16		1/16	1	769										167			14	
76	75	603/4	603/4	0.25	7/16	7/16	Chord	2/4	1	1	1/16		1/16	1	770										167			14	
76	75	149	149	0.5	0	0	Chord	2/4	1	2	1/8		1/8	1	771													14	
76	75	299/2	299/2	0.5	1/8	1/8	Chord	2/4	1	2	1/8		1/8	1	772													14	
76	75	150	150	0.5	1/4	1/4	Chord	2/4	1	2	1/8		1/8	1	773													14	
76	75	301/2	301/2	0.5	3/8	3/8	Chord	2/4	1	2	1/8		1/8	1	774										168			14	
76	75	149	149	0.5	0	0	Chord	2/4	2	1	1/8		1/8	1	775														
76	75	299/2	299/2	0.5	1/8	1/8	Chord	2/4	2	1	1/8		1/8	1	776		articTenutoAbove												
76	75	150	150	0.5	1/4	1/4	Chord	2/4	2	1	1/8		1/8	1	777		articTenutoAbove												
76	75	301/2	301/2	0.5	3/8	3/8	Chord	2/4	2	1	1/8		1/8	1	778		articTenutoAbove												
77	76	151	151	0.0	0	0	Spanner	2/4	1	1	0																		
77	76	151	151	0.5	0	0	Chord	2/4	1	1	1/8		1/8	1	779														
77	76	303/2	303/2	0.5	1/8	1/8	Chord	2/4	1	1	1/8		1/8	1	780										169				
77	76	152	152	0.0	1/4	1/4	StaffText	2/4	1	1	0							molto tranquillo											
77	76	152	152	0.0	1/4	1/4	Dynamic	2/4	1	1	0					p													
77	76	152	152	1.0	1/4	1/4	Chord	2/4	1	1	1/4		1/4	1	781		articTenutoBelow												
77	76	151	151	0.5	0	0	Chord	2/4	1	2	1/8		1/8	1	782														
77	76	303/2	303/2	0.5	1/8	1/8	Chord	2/4	1	2	1/8		1/8	1	783										170				
77	76	151	151	0.5	0	0	Chord	2/4	2	1	1/8		1/8	1	784		articTenutoAbove												
77	76	303/2	303/2	0.5	1/8	1/8	Chord	2/4	2	1	1/8		1/8	1	785		articTenutoAbove												
77	76	152	152	1.0	1/4	1/4	Chord	2/4	2	1	1/4		1/4	1	786		articTenutoAbove												
77	76	151	151	0.25	0	0	Chord	2/4	2	2	1/16		1/16	1	787										171				
77	76	605/4	605/4	0.25	1/16	1/16	Chord	2/4	2	2	1/16		1/16	1	788														
77	76	303/2	303/2	0.5	1/8	1/8	Chord	2/4	2	2	1/8		1/8	1	789														
77	76	152	152	1.0	1/4	1/4	Chord	2/4	2	2	1/4		1/4	1	790														
78	77	153	153	0.0	0	0	SystemText	2/4	1	1	0								espress.										
78	77	153	153	1.0	0	0	Chord	2/4	1	1	1/4		1/4	1	791														
78	77	307/2	307/2	0.0	1/8	1/8	Dynamic	2/4	1	1	0					pp													
78	77	154	154	0.5	1/4	1/4	Chord	2/4	1	1	1/8		1/8	1	792										172				
78	77	309/2	309/2	0.5	3/8	3/8	Chord	2/4	1	1	1/8		1/8	1	793														
78	77	154	154	1.0	1/4	1/4	Chord	2/4	1	2	1/4		1/4	1	794														
78	77	153	153	1.0	0	0	Chord	2/4	2	1	1/4		1/4	1	795														
78	77	154	154	1.0	1/4	1/4	Chord	2/4	2	1	1/4		1/4	1	796														
78	77	153	153	0.5	0	0	Chord	2/4	2	2	1/8		1/8	1	797		articTenutoBelow								173				
78	77	307/2	307/2	0.5	1/8	1/8	Chord	2/4	2	2	1/8		1/8	1	798		articTenutoBelow												
78	77	154	154	1.0	1/4	1/4	Chord	2/4	2	2	1/4		1/4	1	799		articTenutoBelow												
79	78	155	155	1.0	0	0	Chord	2/4	1	1	1/4		1/4	1	800		articTenutoAbove												
79	78	156	156	0.5	1/4	1/4	Chord	2/4	1	1	1/8		1/8	1	801										174				
79	78	313/2	313/2	0.5	3/8	3/8	Chord	2/4	1	1	1/8		1/8	1	802														
79	78	155	155	2.0	0	0	Chord	2/4	1	2	1/2		1/2	1	803														
79	78	155	155	1.0	0	0	Chord	2/4	2	1	1/4		1/4	1	804														
79	78	156	156	1.0	1/4	1/4	Chord	2/4	2	1	1/4		1/4	1	805														
79	78	155	155	0.5	0	0	Chord	2/4	2	2	1/8		1/8	1	806		articTenutoBelow								175				
79	78	311/2	311/2	0.5	1/8	1/8	Chord	2/4	2	2	1/8		1/8	1	807		articTenutoBelow												
79	78	156	156	1.0	1/4	1/4	Chord	2/4	2	2	1/4		1/4	1	808		articTenutoBelow												
80	79	157	157	1.0	0	0	Chord	2/4	1	1	1/4		1/4	1	809		articTenutoAbove												
80	79	158	158	0.5	1/4	1/4	Chord	2/4	1	1	1/8		1/8	1	810										176				
80	79	317/2	317/2	0.5	3/8	3/8	Chord	2/4	1	1	1/8		1/8	1	811														
80	79	157	157	1.0	0	0	Chord	2/4	1	2	1/4		1/4	1	812														
80	79	158	158	1.0	1/4	1/4	Chord	2/4	1	2	1/4		1/4	1	813														
80	79	157	157	1.0	0	0	Chord	2/4	2	1	1/4		1/4	1	814														
80	79	158	158	1.0	1/4	1/4	Chord	2/4	2	1	1/4		1/4	1	815														
80	79	157	157	0.5	0	0	Chord	2/4	2	2	1/8		1/8	1	816										177				
80	79	315/2	315/2	0.5	1/8	1/8	Chord	2/4	2	2	1/8		1/8	1	817														
80	79	158	158	1.0	1/4	1/4	Chord	2/4	2	2	1/4		1/4	1	818		articTenutoBelow												
81	80	159	159	1.0	0	0	Chord	2/4	1	1	1/4		1/4	1	819		articTenutoAbove												
81	80	160	160	0.0	1/4	1/4	Dynamic	2/4	1	1	0					pp													
81	80	160	160	0.5	1/4	1/4	Chord	2/4	1	1	1/8		1/8	1	820										178				
81	80	321/2	321/2	0.25	3/8	3/8	Chord	2/4	1	1	1/16		1/16	1	821										178				
81	80	643/4	643/4	0.25	7/16	7/16	Chord	2/4	1	1	1/16		1/16	1	822										178				
81	80	159	159	1.0	0	0	Chord	2/4	1	2	1/4		1/4	1	823														
81	80	160	160	1.0	1/4	1/4	Chord	2/4	1	2	1/4		1/4	1	824														
81	80	159	159	1.0	0	0	Chord	2/4	2	1	1/4		1/4	1	825														
81	80	160	160	1.0	1/4	1/4	Chord	2/4	2	1	1/4		1/4	1	826														
81	80	159	159	0.5	0	0	Chord	2/4	2	2	1/8		1/8	1	827		articTenutoBelow								179				
81	80	319/2	319/2	0.25	1/8	1/8	Chord	2/4	2	2	1/16		1/16	1	828		articTenutoBelow								179				
81	80	639/4	639/4	0.25	3/16	3/16	Chord	2/4	2	2	1/16		1/16	1	829		articTenutoBelow								179				
81	80	160	160	0.5	1/4	1/4	Chord	2/4	2	2	1/8		1/8	1	830		articTenutoBelow								179				
81	80	321/2	321/2	0.5	3/8	3/8	Chord	2/4	2	2	1/8		1/8	1	831		articTenutoBelow								179				
82	81	161	161	0.0	0	0	Spanner	2/4	1	1	0														178			15	
82	81	161	161	0.5	0	0	Chord	2/4	1	1	1/8		1/8	1	832										178			15	
82	81	323/2	323/2	0.5	1/8	1/8	Chord	2/4	1	1	1/8		1/8	1	833										178			15	
82	81	162	162	1.0	1/4	1/4	Chord	2/4	1	1	1/4		1/4	1	834		articTenutoAbove											15	
82	81	161	161	2.0	0	0	Chord	2/4	1	2	1/2		1/2	1	835													15	
82	81	161	161	1.0	0	0	Chord	2/4	2	1	1/4		1/4	1	836										180				
82	81	162	162	1.0	1/4	1/4	Chord	2/4	2	1	1/4		1/4	1	837														
82	81	161	161	2.0	0	0	Chord	2/4	2	2	1/2		1/2	1	838		articTenutoBelow												
83	82	163	163	0.0	0	0	Spanner	2/4	1	1	0																		
83	82	164	164	0.0	1/4	1/4	Spanner	2/4	1	1	0																17		
83	82	164	164	0.0	1/4	1/4	Chord	2/4	1	1	0	grace16	1/16	1	839												17		
83	82	164	164	0.0	1/4	1/4	Chord	2/4	1	1	0	grace16	1/16	1	840												17		
83	82	164	164	0.75	1/4	1/4	Chord	2/4	1	1	3/16		1/8	3/2	841										181		17		
83	82	659/4	659/4	0.25	7/16	7/16	Chord	2/4	1	1	1/16		1/16	1	842										181		17		
83	82	164	164	1.0	1/4	1/4	Chord	2/4	1	2	1/4		1/4	1	843												17		
83	82	163	163	2.0	0	0	Chord	2/4	2	1	1/2		1/2	1	844														
83	82	163	163	0.0	0	0	Spanner	2/4	2	2	0																18		
83	82	163	163	0.0	0	0	Chord	2/4	2	2	0	grace16	1/16	1	845												18		
83	82	163	163	0.0	0	0	Chord	2/4	2	2	0	grace16	1/16	1	846												18		
83	82	163	163	0.75	0	0	Chord	2/4	2	2	3/16		1/8	3/2	847										182		18		
83	82	655/4	655/4	0.0	3/16	3/16	Spanner	2/4	2	2	0														182				
83	82	655/4	655/4	0.25	3/16	3/16	Chord	2/4	2	2	1/16		1/16	1	848										182				
83	82	164	164	1.0	1/4	1/4	Chord	2/4	2	2	1/4		1/4	1	849										182				
84	83	165	165	0.0	0	0	Spanner	2/4	1	1	0														181				
84	83	165	165	0.0	0	0	Chord	2/4	1	1	0	acciaccatura	1/8	1	850										181				
84	83	165	165	1.0	0	0	Chord	2/4	1	1	1/4		1/4	1	851										181				
84	83	166	166	0.5	1/4	1/4	Chord	2/4	1	1	1/8		1/8	1	852										181				
84	83	333/2	333/2	0.25	3/8	3/8	Chord	2/4	1	1	1/16		1/16	1	853										181				
84	83	667/4	667/4	0.25	7/16	7/16	Chord	2/4	1	1	1/16		1/16	1	854										181				
84	83	165	165	0.0	0	0	StaffText	2/4	1	2	0							ritenuto dimin.											
84	83	165	165	1.0	0	0	Chord	2/4	1	2	1/4		1/4	1	855														
84	83	166	166	1.0	1/4	1/4	Chord	2/4	1	2	1/4		1/4	1	856														
84	83	165	165	2.0	0	0	Chord	2/4	2	1	1/2		1/2	1	857														
84	83	165	165	0.5	0	0	Chord	2/4	2	2	1/8		1/8	1	858										182				
84	83	331/2	331/2	0.25	1/8	1/8	Chord	2/4	2	2	1/16		1/16	1	859										182				
84	83	663/4	663/4	0.25	3/16	3/16	Chord	2/4	2	2	1/16		1/16	1	860										182				
84	83	166	166	0.5	1/4	1/4	Chord	2/4	2	2	1/8		1/8	1	861										182				
84	83	333/2	333/2	0.5	3/8	3/8	Chord	2/4	2	2	1/8		1/8	1	862										182				
85	84	167	167	0.5	0	0	Chord	2/4	1	1	1/8		1/8	1	863										181				
85	84	335/2	335/2	0.5	1/8	1/8	Chord	2/4	1	1	1/8		1/8	1	864										181				
85	84	168	168	0.0	1/4	1/4	SystemText	2/4	1	1	0								poch.										
85	84	168	168	1.0	1/4	1/4	Chord	2/4	1	1	1/4		1/4	1	865														
85	84	167	167	1.0	0	0	Chord	2/4	1	2	1/4		1/4	1	866														
85	84	168	168	1.0	1/4	1/4	Chord	2/4	1	2	1/4		1/4	1	867														
85	84	167	167	2.0	0	0	Chord	2/4	2	1	1/2		1/2	1	868														
85	84	167	167	2.0	0	0	Chord	2/4	2	2	1/2		1/2	1	869														
86	85	169	169	0.0	0	0	Dynamic	2/4	1	1	0					pp													
86	85	169	169	0.0	0	0	Chord	2/4	1	1	0	acciaccatura	1/8	1	870														
86	85	169	169	2.0	0	0	Chord	2/4	1	1	1/2		1/2	1	871														
86	85	169	169	2.0	0	0	Chord	2/4	2	1	1/2		1/2	1	872														
