mc	mn	quarterbeats	quarterbeats_all_endings	duration_qb	mc_onset	mn_onset	timesig	staff	voice	label	alt_label	globalkey	localkey	pedal	chord	special	numeral	form	figbass	changes	relativeroot	pedalend	cadence	phraseend	chord_type	globalkey_is_minor	localkey_is_minor	chord_tones	added_tones	root	bass_note
1	1	0	0	1.0	0	0	2/4	3	1	a.V7{		a	i		V7		V		7					{	Mm7	1	1	1, 5, 2, -1		1	1
1	1	1	1	1.0	1/4	1/4	2/4	3	1	V7(#6#42)		a	i		V7(#6#42)		V		7	#6#42					Mm7	1	1	-4, 5, 7, 4		1	-4
2	2	2	2	1.0	0	0	2/4	3	1	V7		a	i		V7		V		7						Mm7	1	1	1, 5, 2, -1		1	1
2	2	3	3	1.0	1/4	1/4	2/4	3	1	V7(#6#42)		a	i		V7(#6#42)		V		7	#6#42					Mm7	1	1	-4, 5, 7, 4		1	-4
3	3	4	4	2.0	0	0	2/4	3	1	V7(b10)		a	i		V7(b10)		V		7	b10					Mm7	1	1	1, 5, 2, -1	-2	1	1
4	4	6	6	1.5	0	0	2/4	3	1	V7(9)|HC}		a	i		V7(9)		V		7	9			HC	}	Mm7	1	1	1, 5, 2, -1	-4	1	1
4	4	15/2	15/2	0.5	3/8	3/8	2/4	3	1	i{		a	i		i		i							{	m	1	1	0, -3, 1		0	0
5	5	8	8	0.5	0	0	2/4	3	1	V/iv		a	i		V/iv		V				iv				M	1	1	0, 4, 1		0	0
5	5	17/2	17/2	0.5	1/8	1/8	2/4	3	1	iv64		a	i		iv64		iv		64						m	1	1	0, -1, -4		-1	0
5	5	9	9	0.5	1/4	1/4	2/4	3	1	bII6/iv		a	i		bII6/iv		bII		6		iv				M	1	1	-2, -5, -6		-6	-2
5	5	19/2	19/2	0.5	3/8	3/8	2/4	3	1	iv/iv	bIIM65/iv	a	i		iv/iv		iv				iv				m	1	1	-2, -5, -1		-2	-2
6	6	10	10	0.5	0	0	2/4	3	1	V/iv		a	i		V/iv		V				iv				M	1	1	0, 4, 1		0	0
6	6	21/2	21/2	0.5	1/8	1/8	2/4	3	1	iv64		a	i		iv64		iv		64						m	1	1	0, -1, -4		-1	0
6	6	11	11	0.5	1/4	1/4	2/4	3	1	III(#2)/iv		a	i		III(#2)/iv		III			#2	iv				M	1	1	-4, 5, -3		-4	-4
6	6	23/2	23/2	0.5	3/8	3/8	2/4	3	1	III/iv		a	i		III/iv		III				iv				M	1	1	-4, 0, -3		-4	-4
7	7	12	12	0.5	0	0	2/4	3	1	iio6/iv		a	i		iio6/iv		ii	o	6		iv				o	1	1	-2, -5, 1		1	-2
7	7	25/2	25/2	0.5	1/8	1/8	2/4	3	1	iv		a	i		iv		iv								m	1	1	-1, -4, 0		-1	-1
7	7	13	13	0.5	1/4	1/4	2/4	3	1	III(#2)/iv		a	i		III(#2)/iv		III			#2	iv				M	1	1	-4, 5, -3		-4	-4
7	7	27/2	27/2	0.5	3/8	3/8	2/4	3	1	III/iv		a	i		III/iv		III				iv				M	1	1	-4, 0, -3		-4	-4
8	8	14	14	0.5	0	0	2/4	3	1	iv6(9b6)		a	i		iv6(9b6)		iv		6	9b6					m	1	1	-4, -5, -1	1	-1	-4
8	8	29/2	29/2	0.5	1/8	1/8	2/4	3	1	iv6		a	i		iv6		iv		6						m	1	1	-4, 0, -1		-1	-4
8	8	15	15	0.5	1/4	1/4	2/4	3	1	iv(#4)		a	i		iv(#4)		iv			#4					m	1	1	-1, -4, 5		-1	-1
8	8	31/2	31/2	0.5	3/8	3/8	2/4	3	1	iv7		a	i		iv7		iv		7						mm7	1	1	-1, -4, 0, -3		-1	-1
9	9	16	16	0.5	0	0	2/4	3	1	VII7/iv		a	i		VII7/iv		VII		7		iv				Mm7	1	1	-3, 1, -2, -5		-3	-3
9	9	33/2	33/2	0.5	1/8	1/8	2/4	3	1	iv		a	i		iv		iv								m	1	1	-1, -4, 0		-1	-1
9	9	17	17	1.0	1/4	1/4	2/4	3	1	#iv[#viio7		a	i	#iv	#viio7		#vii	o	7						o7	1	1	5, 2, -1, -4		5	5
10	10	18	18	1.5	0	0	2/4	3	1	viio7/V		a	i		viio7/V		vii	o	7		V				o7	1	1	6, 3, 0, -3		6	6
10	10	39/2	39/2	0.5	3/8	3/8	2/4	3	1	Fr65]	V43(#5)/III]	a	i		Fr65	Fr	V		65	b5	V	]			Fr	1	1	6, -4, 0, 2		2	6
11	11	20	20	1.0	0	0	2/4	3	1	III6		a	i		III6		III		6						M	1	1	1, -2, -3		-3	1
11	11	21	21	0.5	1/4	1/4	2/4	3	1	iv/III		a	i		iv/III		iv				III				m	1	1	-4, -7, -3		-4	-4
11	11	43/2	43/2	0.5	3/8	3/8	2/4	3	1	viio65/V	viio7/V/III	a	i		viio65/V		vii	o	65		V				o7	1	1	3, 0, -3, 6		6	3
12	12	22	22	0.5	0	0	2/4	3	1	V/III	VII	a	i		V/III		V				III				M	1	1	-2, 2, -1		-2	-2
12	12	45/2	45/2	0.5	1/8	1/8	2/4	3	1	bII64	VI	a	i		bII64		bII		64						M	1	1	-4, -5, -1		-5	-4
12	12	23	23	1.0	1/4	1/4	2/4	3	1	V|HC}		a	i		V		V						HC	}	M	1	1	1, 5, 2		1	1
12	12	47/2	47/2	0.0	3/8	3/8	2/4	3	1	{		a	i											{		1	1				
13	13	24	24	0.5	0	0	2/4	3	1	V7(4)/V		a	i		V7(4)/V		V		7	4	V				Mm7	1	1	2, 1, 3, 0		2	2
13	13	49/2	49/2	0.5	1/8	1/8	2/4	3	1	V7/V		a	i		V7/V		V		7		V				Mm7	1	1	2, 6, 3, 0		2	2
13	13	25	25	1.5	1/4	1/4	2/4	3	1	ii%43(11)		a	i		ii%43(11)		ii	%	43	11					%7	1	1	-4, 0, 2, -1	1	2	-4
14	14	53/2	53/2	0.5	1/8	1/8	2/4	3	1	ii%7		a	i		ii%7		ii	%	7						%7	1	1	2, -1, -4, 0		2	2
14	14	27	27	1.0	1/4	1/4	2/4	3	1	V		a	i		V		V								M	1	1	1, 5, 2		1	1
15	15	28	28	0.5	0	0	2/4	3	1	V7(4)/V		a	i		V7(4)/V		V		7	4	V				Mm7	1	1	2, 1, 3, 0		2	2
15	15	57/2	57/2	0.5	1/8	1/8	2/4	3	1	V7/V		a	i		V7/V		V		7		V				Mm7	1	1	2, 6, 3, 0		2	2
15	15	29	29	2.0	1/4	1/4	2/4	3	1	ii%43(11)		a	i		ii%43(11)		ii	%	43	11					%7	1	1	-4, 0, 2, -1	1	2	-4
16	16	31	31	1.0	1/4	1/4	2/4	3	1	ii%43		a	i		ii%43		ii	%	43						%7	1	1	-4, 0, 2, -1		2	-4
17	17	32	32	1.0	0	0	2/4	3	1	V7		a	i		V7		V		7						Mm7	1	1	1, 5, 2, -1		1	1
17	17	33	33	1.0	1/4	1/4	2/4	3	1	V7(#6#42)		a	i		V7(#6#42)		V		7	#6#42					Mm7	1	1	-4, 5, 7, 4		1	-4
18	18	34	34	1.0	0	0	2/4	3	1	V7		a	i		V7		V		7						Mm7	1	1	1, 5, 2, -1		1	1
18	18	35	35	1.0	1/4	1/4	2/4	3	1	V7(#6#42)		a	i		V7(#6#42)		V		7	#6#42					Mm7	1	1	-4, 5, 7, 4		1	-4
19	19	36	36	2.0	0	0	2/4	3	1	V7(b10)		a	i		V7(b10)		V		7	b10					Mm7	1	1	1, 5, 2, -1	-2	1	1
20	20	38	38	1.5	0	0	2/4	3	1	V7(9)|HC}		a	i		V7(9)		V		7	9			HC	}	Mm7	1	1	1, 5, 2, -1	-4	1	1
20	20	79/2	79/2	0.5	3/8	3/8	2/4	3	1	i{		a	i		i		i							{	m	1	1	0, -3, 1		0	0
21	21	40	40	0.5	0	0	2/4	3	1	V/iv		a	i		V/iv		V				iv				M	1	1	0, 4, 1		0	0
21	21	81/2	81/2	0.5	1/8	1/8	2/4	3	1	iv64		a	i		iv64		iv		64						m	1	1	0, -1, -4		-1	0
21	21	41	41	0.5	1/4	1/4	2/4	3	1	bII6/iv		a	i		bII6/iv		bII		6		iv				M	1	1	-2, -5, -6		-6	-2
21	21	83/2	83/2	0.5	3/8	3/8	2/4	3	1	iv/iv	bIIM65/iv	a	i		iv/iv		iv				iv				m	1	1	-2, -5, -1		-2	-2
22	22	42	42	0.5	0	0	2/4	3	1	V/iv		a	i		V/iv		V				iv				M	1	1	0, 4, 1		0	0
22	22	85/2	85/2	0.5	1/8	1/8	2/4	3	1	iv64		a	i		iv64		iv		64						m	1	1	0, -1, -4		-1	0
22	22	43	43	0.5	1/4	1/4	2/4	3	1	III(#2)/iv		a	i		III(#2)/iv		III			#2	iv				M	1	1	-4, 5, -3		-4	-4
22	22	87/2	87/2	0.5	3/8	3/8	2/4	3	1	III/iv		a	i		III/iv		III				iv				M	1	1	-4, 0, -3		-4	-4
23	23	44	44	0.5	0	0	2/4	3	1	iio6/iv		a	i		iio6/iv		ii	o	6		iv				o	1	1	-2, -5, 1		1	-2
23	23	89/2	89/2	0.5	1/8	1/8	2/4	3	1	iv		a	i		iv		iv								m	1	1	-1, -4, 0		-1	-1
23	23	45	45	0.5	1/4	1/4	2/4	3	1	III(#2)/iv		a	i		III(#2)/iv		III			#2	iv				M	1	1	-4, 5, -3		-4	-4
23	23	91/2	91/2	0.5	3/8	3/8	2/4	3	1	III/iv		a	i		III/iv		III				iv				M	1	1	-4, 0, -3		-4	-4
24	24	46	46	0.5	0	0	2/4	3	1	iv6(9b6)		a	i		iv6(9b6)		iv		6	9b6					m	1	1	-4, -5, -1	1	-1	-4
24	24	93/2	93/2	0.5	1/8	1/8	2/4	3	1	iv6		a	i		iv6		iv		6						m	1	1	-4, 0, -1		-1	-4
24	24	47	47	0.5	1/4	1/4	2/4	3	1	iv(#4)		a	i		iv(#4)		iv			#4					m	1	1	-1, -4, 5		-1	-1
24	24	95/2	95/2	0.5	3/8	3/8	2/4	3	1	iv7		a	i		iv7		iv		7						mm7	1	1	-1, -4, 0, -3		-1	-1
25	25	48	48	0.5	0	0	2/4	3	1	#viio7/iv		a	i		#viio7/iv		#vii	o	7		iv				o7	1	1	4, 1, -2, -5		4	4
25	25	97/2	97/2	0.5	1/8	1/8	2/4	3	1	iv		a	i		iv		iv								m	1	1	-1, -4, 0		-1	-1
25	25	49	49	1.0	1/4	1/4	2/4	3	1	#viio6/iv		a	i		#viio6/iv		#vii	o	6		iv				o	1	1	1, -2, 4		4	1
26	26	50	50	0.5	0	0	2/4	3	1	IIIM2/iv		a	i		IIIM2/iv		III	M	2		iv				MM7	1	1	1, -4, 0, -3		-4	1
26	26	101/2	101/2	0.5	1/8	1/8	2/4	3	1	VI6/iv		a	i		VI6/iv		VI		6		iv				M	1	1	-1, -4, -5		-5	-1
26	26	51	51	0.5	1/4	1/4	2/4	3	1	V43/iv		a	i		V43/iv		V		43		iv				Mm7	1	1	1, -2, 0, 4		0	1
26	26	103/2	103/2	0.5	3/8	3/8	2/4	3	1	iv6		a	i		iv6		iv		6						m	1	1	-4, 0, -1		-1	-4
27	27	52	52	0.5	0	0	2/4	3	1	bII6(11)/iv	iv(9b6)/iv	a	i		bII6(11)/iv		bII		6	11	iv				M	1	1	-2, -5, -6	0	-6	-2
27	27	105/2	105/2	0.5	1/8	1/8	2/4	3	1	iv/iv	bIIM65/iv	a	i		iv/iv		iv				iv				m	1	1	-2, -5, -1		-2	-2
27	27	53	53	1.0	1/4	1/4	2/4	3	1	V2/iv		a	i		V2/iv		V		2		iv				Mm7	1	1	-2, 0, 4, 1		0	-2
28	28	54	54	0.5	0	0	2/4	3	1	III6(2)/iv		a	i		III6(2)/iv		III		6	2	iv				M	1	1	0, -3, -2		-4	0
28	28	109/2	109/2	0.5	1/8	1/8	2/4	3	1	#viio43/iv		a	i		#viio43/iv		#vii	o	43		iv				o7	1	1	-2, -5, 4, 1		4	-2
28	28	55	55	0.5	1/4	1/4	2/4	3	1	V2/iv		a	i		V2/iv		V		2		iv				Mm7	1	1	-2, 0, 4, 1		0	-2
28	28	111/2	111/2	0.5	3/8	3/8	2/4	3	1	#iii.i6		a	#iii		i6		i		6						m	1	1	-3, 1, 0		0	-3
29	29	56	56	0.5	0	0	2/4	3	1	V(6)		a	#iii		V(6)		V			6					M	1	1	1, 5, -3		1	1
29	29	113/2	113/2	1.0	1/8	1/8	2/4	3	1	V		a	#iii		V		V								M	1	1	1, 5, 2		1	1
29	29	115/2	115/2	0.5	3/8	3/8	2/4	3	1	V6		a	#iii		V6		V		6						M	1	1	5, 2, 1		1	5
30	30	58	58	0.5	0	0	2/4	3	1	iv64	i(64)	a	#iii		iv64		iv		64						m	1	1	0, -1, -4		-1	0
30	30	117/2	117/2	0.5	1/8	1/8	2/4	3	1	V64		a	#iii		V64		V		64						M	1	1	2, 1, 5		1	2
30	30	59	59	1.0	1/4	1/4	2/4	3	1	viio2/V		a	#iii		viio2/V		vii	o	2		V				o7	1	1	-3, 6, 3, 0		6	-3
31	31	60	60	0.5	0	0	2/4	3	1	iio6		a	#iii		iio6		ii	o	6						o	1	1	-1, -4, 2		2	-1
31	31	121/2	121/2	0.5	1/8	1/8	2/4	3	1	V6/V	viio/V	a	#iii		V6/V		V		6		V				M	1	1	6, 3, 2		2	6
31	31	61	61	0.5	1/4	1/4	2/4	3	1	V(64)	i64	a	#iii		V(64)		V			64					M	1	1	1, 0, -3		1	1
31	31	123/2	123/2	0.5	3/8	3/8	2/4	3	1	V64/V		a	#iii		V64/V		V		64		V				M	1	1	3, 2, 6		2	3
32	32	62	62	0.5	0	0	2/4	3	1	V65		a	#iii		V65		V		65						Mm7	1	1	5, 2, -1, 1		1	5
32	32	125/2	125/2	0.5	1/8	1/8	2/4	3	1	V7		a	#iii		V7		V		7						Mm7	1	1	1, 5, 2, -1		1	1
32	32	63	63	3.0	1/4	1/4	2/4	3	1	i|PAC}		a	#iii		i		i						PAC	}	m	1	1	0, -3, 1		0	0
32	32	127/2	127/2	0.0	3/8	3/8	2/4	3	1	{		a	#iii											{		1	1				
34	34	66	66	0.5	0	0	2/4	3	1	V7(9)		a	#iii		V7(9)		V		7	9					Mm7	1	1	1, 5, 2, -1	-4	1	1
34	34	133/2	133/2	0.5	1/8	1/8	2/4	3	1	V2		a	#iii		V2		V		2						Mm7	1	1	-1, 1, 5, 2		1	-1
34	34	67	67	0.5	1/4	1/4	2/4	3	1	i6		a	#iii		i6		i		6						m	1	1	-3, 1, 0		0	-3
34	34	135/2	135/2	0.5	3/8	3/8	2/4	3	1	#viio43/v		a	#iii		#viio43/v		#vii	o	43		v				o7	1	1	0, -3, 6, 3		6	0
35	35	68	68	1.0	0	0	2/4	3	1	v	ii/iv	a	#iii		v		v								m	1	1	1, -2, 2		1	1
35	35	69	69	1.0	1/4	1/4	2/4	3	1	#viio7/v	#viio7/ii/iv	a	#iii		#viio7/v		#vii	o	7		v				o7	1	1	6, 3, 0, -3		6	6
36	36	70	70	1.0	0	0	2/4	3	1	V7(9)/iv		a	#iii		V7(9)/iv		V		7	9	iv				Mm7	1	1	0, 4, 1, -2	-5	0	0
36	36	71	71	3.0	1/4	1/4	2/4	3	1	i/iv|IAC}		a	#iii		i/iv		i				iv		IAC	}	m	1	1	-1, -4, 0		-1	-1
36	36	143/2	143/2	0.0	3/8	3/8	2/4	3	1	{		a	#iii											{		1	1				
38	38	74	74	0.5	0	0	2/4	3	1	V7(9)/iv		a	#iii		V7(9)/iv		V		7	9	iv				Mm7	1	1	0, 4, 1, -2	-5	0	0
38	38	149/2	149/2	0.5	1/8	1/8	2/4	3	1	V2/iv		a	#iii		V2/iv		V		2		iv				Mm7	1	1	-2, 0, 4, 1		0	-2
38	38	75	75	0.5	1/4	1/4	2/4	3	1	i6/iv		a	#iii		i6/iv		i		6		iv				m	1	1	-4, 0, -1		-1	-4
38	38	151/2	151/2	0.5	3/8	3/8	2/4	3	1	#viio43		a	#iii		#viio43		#vii	o	43						o7	1	1	-1, -4, 5, 2		5	-1
39	39	76	76	1.0	0	0	2/4	3	1	i		a	#iii		i		i								m	1	1	0, -3, 1		0	0
39	39	77	77	1.0	1/4	1/4	2/4	3	1	V7(9)		a	#iii		V7(9)		V		7	9					Mm7	1	1	1, 5, 2, -1	-4	1	1
40	40	78	78	0.25	0	0	2/4	3	1	i		a	#iii		i		i								m	1	1	0, -3, 1		0	0
40	40	313/4	313/4	1.75	1/16	1/16	2/4	3	1	v/#iii.#viio43		a	v/#iii		#viio43		#vii	o	43						o7	1	1	-1, -4, 5, 2		5	-1
41	41	80	80	1.0	0	0	2/4	3	1	V7(9)		a	v/#iii		V7(9)		V		7	9					Mm7	1	1	1, 5, 2, -1	-4	1	1
41	41	81	81	0.25	1/4	1/4	2/4	3	1	i		a	v/#iii		i		i								m	1	1	0, -3, 1		0	0
41	41	325/4	325/4	0.75	5/16	5/16	2/4	3	1	V7/V		a	v/#iii		V7/V		V		7		V				Mm7	1	1	2, 6, 3, 0		2	2
42	42	82	82	1.0	0	0	2/4	3	1	#viio65		a	v/#iii		#viio65		#vii	o	65						o7	1	1	2, -1, -4, 5		5	2
42	42	83	83	0.25	1/4	1/4	2/4	3	1	i6		a	v/#iii		i6		i		6						m	1	1	-3, 1, 0		0	-3
42	42	333/4	333/4	0.75	5/16	5/16	2/4	3	1	V7/V		a	v/#iii		V7/V		V		7		V				Mm7	1	1	2, 6, 3, 0		2	2
43	43	84	84	1.0	0	0	2/4	3	1	V7(9)		a	v/#iii		V7(9)		V		7	9					Mm7	1	1	1, 5, 2, -1	-4	1	1
43	43	85	85	0.25	1/4	1/4	2/4	3	1	i		a	v/#iii		i		i								m	1	1	0, -3, 1		0	0
43	43	341/4	341/4	0.75	5/16	5/16	2/4	3	1	V7/V		a	v/#iii		V7/V		V		7		V				Mm7	1	1	2, 6, 3, 0		2	2
44	44	86	86	1.0	0	0	2/4	3	1	#viio65		a	v/#iii		#viio65		#vii	o	65						o7	1	1	2, -1, -4, 5		5	2
44	44	87	87	0.5	1/4	1/4	2/4	3	1	i6		a	v/#iii		i6		i		6						m	1	1	-3, 1, 0		0	-3
44	44	175/2	175/2	0.5	3/8	3/8	2/4	3	1	V7/V		a	v/#iii		V7/V		V		7		V				Mm7	1	1	2, 6, 3, 0		2	2
45	45	88	88	1.0	0	0	2/4	3	1	#viio2		a	v/#iii		#viio2		#vii	o	2						o7	1	1	-4, 5, 2, -1		5	-4
45	45	89	89	0.5	1/4	1/4	2/4	3	1	i[i		a	v/#iii	i	i		i								m	1	1	0, -3, 1		0	0
45	45	179/2	179/2	0.5	3/8	3/8	2/4	3	1	V43/V		a	v/#iii		V43/V		V		43		V				Mm7	1	1	3, 0, 2, 6		2	3
46	46	90	90	1.0	0	0	2/4	3	1	#viio2		a	v/#iii		#viio2		#vii	o	2						o7	1	1	-4, 5, 2, -1		5	-4
46	46	91	91	0.5	1/4	1/4	2/4	3	1	i		a	v/#iii		i		i								m	1	1	0, -3, 1		0	0
46	46	183/2	183/2	0.5	3/8	3/8	2/4	3	1	V43/V		a	v/#iii		V43/V		V		43		V				Mm7	1	1	3, 0, 2, 6		2	3
47	47	92	92	1.0	0	0	2/4	3	1	#viio2		a	v/#iii		#viio2		#vii	o	2						o7	1	1	-4, 5, 2, -1		5	-4
47	47	93	93	0.5	1/4	1/4	2/4	3	1	i		a	v/#iii		i		i								m	1	1	0, -3, 1		0	0
47	47	187/2	187/2	0.5	3/8	3/8	2/4	3	1	viio64/V		a	v/#iii		viio64/V		vii	o	64		V				o	1	1	0, 6, 3		6	0
48	48	94	94	1.0	0	0	2/4	3	1	#viio7		a	v/#iii		#viio7		#vii	o	7						o7	1	1	5, 2, -1, -4		5	5
48	48	95	95	0.5	1/4	1/4	2/4	3	1	i		a	v/#iii		i		i								m	1	1	0, -3, 1		0	0
48	48	191/2	191/2	0.5	3/8	3/8	2/4	3	1	V7(9)/V		a	v/#iii		V7(9)/V		V		7	9	V				Mm7	1	1	2, 6, 3, 0	4	2	2
49	49	96	96	1.0	0	0	2/4	3	1	#viio2		a	v/#iii		#viio2		#vii	o	2						o7	1	1	-4, 5, 2, -1		5	-4
49	49	97	97	0.5	1/4	1/4	2/4	3	1	i		a	v/#iii		i		i								m	1	1	0, -3, 1		0	0
49	49	195/2	195/2	0.5	3/8	3/8	2/4	3	1	V43/V		a	v/#iii		V43/V		V		43		V				Mm7	1	1	3, 0, 2, 6		2	3
50	50	98	98	1.0	0	0	2/4	3	1	#viio2		a	v/#iii		#viio2		#vii	o	2						o7	1	1	-4, 5, 2, -1		5	-4
50	50	99	99	0.5	1/4	1/4	2/4	3	1	i		a	v/#iii		i		i								m	1	1	0, -3, 1		0	0
50	50	199/2	199/2	0.5	3/8	3/8	2/4	3	1	V2/V		a	v/#iii		V2/V		V		2		V				Mm7	1	1	0, 2, 6, 3		2	0
51	51	100	100	1.0	0	0	2/4	3	1	#viio7		a	v/#iii		#viio7		#vii	o	7						o7	1	1	5, 2, -1, -4		5	5
51	51	101	101	0.5	1/4	1/4	2/4	3	1	i		a	v/#iii		i		i								m	1	1	0, -3, 1		0	0
51	51	203/2	203/2	0.5	3/8	3/8	2/4	3	1	viio64/V		a	v/#iii		viio64/V		vii	o	64		V				o	1	1	0, 6, 3		6	0
52	52	102	102	1.0	0	0	2/4	3	1	#viio65		a	v/#iii		#viio65		#vii	o	65						o7	1	1	2, -1, -4, 5		5	2
52	52	103	103	1.0	1/4	1/4	2/4	3	1	viio43/V	viio2/#iii	a	v/#iii		viio43/V		vii	o	43		V				o7	1	1	0, -3, 6, 3		6	0
53	53	104	104	1.0	0	0	2/4	3	1	V/#iii[V7(9)/#iii		a	v/#iii	V/#iii	V7(9)/#iii		V		7	9	#iii				Mm7	1	1	5, 9, 6, 3	0	5	5
53	53	105	105	0.5	1/4	1/4	2/4	3	1	V/#iii		a	v/#iii		V/#iii		V				#iii				M	1	1	5, 9, 6		5	5
53	53	211/2	211/2	0.5	3/8	3/8	2/4	3	1	V7/V/#iii		a	v/#iii		V7/V/#iii		V		7		V/#iii				Mm7	1	1	6, 10, 7, 4		6	6
54	54	106	106	1.0	0	0	2/4	3	1	V7(9)/#iii		a	v/#iii		V7(9)/#iii		V		7	9	#iii				Mm7	1	1	5, 9, 6, 3	0	5	5
54	54	107	107	0.5	1/4	1/4	2/4	3	1	V7(b3)/#iii		a	v/#iii		V7(b3)/#iii		V		7	b3	#iii				Mm7	1	1	5, 2, 6, 3		5	5
54	54	215/2	215/2	0.5	3/8	3/8	2/4	3	1	viio6/V/#iii]		a	v/#iii		viio6/V/#iii		vii	o	6		V/#iii	]			o	1	1	7, 4, 10		10	7
55	55	108	108	1.0	0	0	2/4	3	1	i/#iii[viio2		a	v/#iii	i/#iii	viio2		vii	o	2						o7	1	1	-11, -2, -5, -8		-2	-11
55	55	109	109	0.5	1/4	1/4	2/4	3	1	bII/#iii		a	v/#iii		bII/#iii		bII				#iii				M	1	1	-1, 3, 0		-1	-1
55	55	219/2	219/2	0.5	3/8	3/8	2/4	3	1	It6/#iii		a	v/#iii		It6/#iii	It	vii	o	6	b3	V/#iii				It	1	1	0, 4, 10		10	0
56	56	110	110	1.5	0	0	2/4	3	1	#viio7/#iii		a	v/#iii		#viio7/#iii		#vii	o	7		#iii				o7	1	1	9, 6, 3, 0		9	9
56	56	223/2	223/2	0.5	3/8	3/8	2/4	3	1	ii7/ii		a	v/#iii		ii7/ii		ii		7		ii				mm7	1	1	4, 1, 5, 2		4	4
57	57	112	112	1.0	0	0	2/4	3	1	V/ii[V7(9)/ii		a	v/#iii	V/ii	V7(9)/ii		V		7	9	ii				Mm7	1	1	3, 7, 4, 1	-2	3	3
57	57	113	113	0.5	1/4	1/4	2/4	3	1	V/ii		a	v/#iii		V/ii		V				ii				M	1	1	3, 7, 4		3	3
57	57	227/2	227/2	0.5	3/8	3/8	2/4	3	1	V7/V/ii		a	v/#iii		V7/V/ii		V		7		V/ii				Mm7	1	1	4, 8, 5, 2		4	4
58	58	114	114	1.0	0	0	2/4	3	1	V7(9)/ii		a	v/#iii		V7(9)/ii		V		7	9	ii				Mm7	1	1	3, 7, 4, 1	-2	3	3
58	58	115	115	0.5	1/4	1/4	2/4	3	1	V7(b3)/ii		a	v/#iii		V7(b3)/ii		V		7	b3	ii				Mm7	1	1	3, 0, 4, 1		3	3
58	58	231/2	231/2	0.5	3/8	3/8	2/4	3	1	viio6/V/ii]		a	v/#iii		viio6/V/ii		vii	o	6		V/ii	]			o	1	1	5, 2, 8		8	5
59	59	116	116	1.0	0	0	2/4	3	1	i/ii[viio2		a	v/#iii	i/ii	viio2		vii	o	2						o7	1	1	-11, -2, -5, -8		-2	-11
59	59	117	117	0.5	1/4	1/4	2/4	3	1	bII/bVII		a	v/#iii		bII/bVII		bII				bVII				M	1	1	-14, -10, -13		-14	-14
59	59	235/2	235/2	0.5	3/8	3/8	2/4	3	1	It6/ii		a	v/#iii		It6/ii	It	vii	o	6	b3	V/ii				It	1	1	-2, 2, 8		8	-2
60	60	118	118	1.5	0	0	2/4	3	1	#viio7/ii		a	v/#iii		#viio7/ii		#vii	o	7		ii				o7	1	1	7, 4, 1, -2		7	7
60	60	239/2	239/2	0.5	3/8	3/8	2/4	3	1	ii7]		a	v/#iii		ii7		ii		7			]			mm7	1	1	2, -1, 3, 0		2	2
61	61	120	120	1.5	0	0	2/4	3	1	V[V}		a	v/#iii	V	V		V							}	M	1	1	1, 5, 2		1	1
61	61	243/2	243/2	0.5	3/8	3/8	2/4	3	1	#iii.i{		a	#iii		i		i							{	m	1	1	0, -3, 1		0	0
62	62	122	122	2.0	0	0	2/4	3	1	V64		a	#iii		V64		V		64						M	1	1	2, 1, 5		1	2
63	63	124	124	1.0	0	0	2/4	3	1	V43(9)		a	#iii		V43(9)		V		43	9					Mm7	1	1	2, -1, 1, 5	-4	1	2
63	63	125	125	0.5	1/4	1/4	2/4	3	1	i		a	#iii		i		i								m	1	1	0, -3, 1		0	0
63	63	251/2	251/2	0.5	3/8	3/8	2/4	3	1	#viio43/v		a	#iii		#viio43/v		#vii	o	43		v				o7	1	1	0, -3, 6, 3		6	0
64	64	126	126	1.0	0	0	2/4	3	1	i/v		a	#iii		i/v		i				v				m	1	1	1, -2, 2		1	1
64	64	127	127	1.0	1/4	1/4	2/4	3	1	#viio43/v		a	#iii		#viio43/v		#vii	o	43		v				o7	1	1	0, -3, 6, 3		6	0
65	65	128	128	1.0	0	0	2/4	3	1	i/v]}		a	#iii		i/v		i				v	]		}	m	1	1	1, -2, 2		1	1
65	65	129	129	1.0	1/4	1/4	2/4	3	1	V{		a	#iii		V		V							{	M	1	1	1, 5, 2		1	1
66	66	130	130	0.5	0	0	2/4	3	1	i		a	#iii		i		i								m	1	1	0, -3, 1		0	0
66	66	261/2	261/2	0.5	1/8	1/8	2/4	3	1	V6		a	#iii		V6		V		6						M	1	1	5, 2, 1		1	5
66	66	131	131	1.0	1/4	1/4	2/4	3	1	i		a	#iii		i		i								m	1	1	0, -3, 1		0	0
67	67	132	132	0.5	0	0	2/4	3	1	V7(9)		a	#iii		V7(9)		V		7	9					Mm7	1	1	1, 5, 2, -1	-4	1	1
67	67	265/2	265/2	0.5	1/8	1/8	2/4	3	1	V2		a	#iii		V2		V		2						Mm7	1	1	-1, 1, 5, 2		1	-1
67	67	133	133	0.5	1/4	1/4	2/4	3	1	i6		a	#iii		i6		i		6						m	1	1	-3, 1, 0		0	-3
67	67	267/2	267/2	0.5	3/8	3/8	2/4	3	1	#viio43/v		a	#iii		#viio43/v		#vii	o	43		v				o7	1	1	0, -3, 6, 3		6	0
68	68	134	134	1.0	0	0	2/4	3	1	v		a	#iii		v		v								m	1	1	1, -2, 2		1	1
68	68	135	135	1.0	1/4	1/4	2/4	3	1	#viio7/v	#viio7/ii/iv	a	#iii		#viio7/v		#vii	o	7		v				o7	1	1	6, 3, 0, -3		6	6
69	69	136	136	1.0	0	0	2/4	3	1	V7(9)/iv		a	#iii		V7(9)/iv		V		7	9	iv				Mm7	1	1	0, 4, 1, -2	-5	0	0
69	69	137	137	1.0	1/4	1/4	2/4	3	1	i/iv|IAC}		a	#iii		i/iv		i				iv		IAC	}	m	1	1	-1, -4, 0		-1	-1
69	69	413/3	413/3	0.0	5/12	5/12	2/4	3	1	{		a	#iii											{		1	1				
70	70	138	138	0.5	0	0	2/4	3	1	i/iv		a	#iii		i/iv		i				iv				m	1	1	-1, -4, 0		-1	-1
70	70	277/2	277/2	0.5	1/8	1/8	2/4	3	1	V6/iv		a	#iii		V6/iv		V		6		iv				M	1	1	4, 1, 0		0	4
70	70	139	139	0.5	1/4	1/4	2/4	3	1	i6/iv		a	#iii		i6/iv		i		6		iv				m	1	1	-4, 0, -1		-1	-4
70	70	279/2	279/2	0.5	3/8	3/8	2/4	3	1	V2(9)/iv		a	#iii		V2(9)/iv		V		2	9	iv				Mm7	1	1	-2, 0, 4, 1	-5	0	-2
71	71	140	140	0.5	0	0	2/4	3	1	i6/iv		a	#iii		i6/iv		i		6		iv				m	1	1	-4, 0, -1		-1	-4
71	71	281/2	281/2	0.5	1/8	1/8	2/4	3	1	#viio65		a	#iii		#viio65		#vii	o	65						o7	1	1	2, -1, -4, 5		5	2
71	71	141	141	0.5	1/4	1/4	2/4	3	1	i		a	#iii		i		i								m	1	1	0, -3, 1		0	0
71	71	283/2	283/2	0.5	3/8	3/8	2/4	3	1	V2(9)		a	#iii		V2(9)		V		2	9					Mm7	1	1	-1, 1, 5, 2	-4	1	-1
72	72	142	142	0.5	0	0	2/4	3	1	i6		a	#iii		i6		i		6						m	1	1	-3, 1, 0		0	-3
72	72	285/2	285/2	0.5	1/8	1/8	2/4	3	1	viio2/V		a	#iii		viio2/V		vii	o	2		V				o7	1	1	-3, 6, 3, 0		6	-3
72	72	143	143	1.0	1/4	1/4	2/4	3	1	viio7/V		a	#iii		viio7/V		vii	o	7		V				o7	1	1	6, 3, 0, -3		6	6
73	73	144	144	1.0	0	0	2/4	3	1	viio65/V		a	#iii		viio65/V		vii	o	65		V				o7	1	1	3, 0, -3, 6		6	3
73	73	145	145	1.0	1/4	1/4	2/4	3	1	viio43/V		a	#iii		viio43/V		vii	o	43		V				o7	1	1	0, -3, 6, 3		6	0
74	74	146	146	2.0	0	0	2/4	3	1	i6	V(64)	a	#iii		i6		i		6						m	1	1	-3, 1, 0		0	-3
75	75	148	148	2.0	0	0	2/4	3	1	V7		a	#iii		V7		V		7						Mm7	1	1	1, 5, 2, -1		1	1
76	76	150	150	1.0	0	0	2/4	3	1	i[i|PAC}{		a	#iii	i	i		i						PAC	}{	m	1	1	0, -3, 1		0	0
76	76	151	151	1.0	1/4	1/4	2/4	3	1	i7		a	#iii		i7		i		7						mm7	1	1	0, -3, 1, -2		0	0
77	77	152	152	0.5	0	0	2/4	3	1	V7/iv		a	#iii		V7/iv		V		7		iv				Mm7	1	1	0, 4, 1, -2		0	0
77	77	305/2	305/2	0.5	1/8	1/8	2/4	3	1	iv64		a	#iii		iv64		iv		64						m	1	1	0, -1, -4		-1	0
77	77	153	153	1.0	1/4	1/4	2/4	3	1	bII		a	#iii		bII		bII								M	1	1	-5, -1, -4		-5	-5
78	78	154	154	0.5	0	0	2/4	3	1	bII6/iv		a	#iii		bII6/iv		bII		6		iv				M	1	1	-2, -5, -6		-6	-2
78	78	309/2	309/2	0.5	1/8	1/8	2/4	3	1	iv64(4)		a	#iii		iv64(4)		iv		64	4					m	1	1	0, -1, -2		-1	0
78	78	155	155	0.5	1/4	1/4	2/4	3	1	V(6)/iv		a	#iii		V(6)/iv		V			6	iv				M	1	1	0, 4, -4		0	0
78	78	311/2	311/2	0.5	3/8	3/8	2/4	3	1	V/iv		a	#iii		V/iv		V				iv				M	1	1	0, 4, 1		0	0
79	79	156	156	0.5	0	0	2/4	3	1	V(+6)/iv		a	#iii		V(+6)/iv		V			+6	iv				M	1	1	0, 4, 1	-4	0	0
79	79	313/2	313/2	0.5	1/8	1/8	2/4	3	1	iv64		a	#iii		iv64		iv		64						m	1	1	0, -1, -4		-1	0
79	79	157	157	1.0	1/4	1/4	2/4	3	1	viio43/V/iv		a	#iii		viio43/V/iv		vii	o	43		V/iv				o7	1	1	-1, -4, 5, 2		5	-1
80	80	158	158	1.5	0	0	2/4	3	1	V/iv		a	#iii		V/iv		V				iv				M	1	1	0, 4, 1		0	0
80	80	319/2	319/2	0.5	3/8	3/8	2/4	3	1	i	v/iv	a	#iii		i		i								m	1	1	0, -3, 1		0	0
81	81	160	160	0.5	0	0	2/4	3	1	i(b9)	v(b9)/iv	a	#iii		i(b9)		i			b9					m	1	1	0, -3, 1	-5	0	0
81	81	321/2	321/2	0.5	1/8	1/8	2/4	3	1	iv64		a	#iii		iv64		iv		64						m	1	1	0, -1, -4		-1	0
81	81	161	161	0.5	1/4	1/4	2/4	3	1	viio43/V/iv		a	#iii		viio43/V/iv		vii	o	43		V/iv				o7	1	1	-1, -4, 5, 2		5	-1
81	81	323/2	323/2	0.5	3/8	3/8	2/4	3	1	i	v/iv	a	#iii		i		i								m	1	1	0, -3, 1		0	0
82	82	162	162	0.5	0	0	2/4	3	1	V7(9)/iv		a	#iii		V7(9)/iv		V		7	9	iv				Mm7	1	1	0, 4, 1, -2	-5	0	0
82	82	325/2	325/2	0.5	1/8	1/8	2/4	3	1	iv64		a	#iii		iv64		iv		64						m	1	1	0, -1, -4		-1	0
82	82	163	163	1.0	1/4	1/4	2/4	3	1	V7/iv		a	#iii		V7/iv		V		7		iv				Mm7	1	1	0, 4, 1, -2		0	0
83	83	164	164	0.5	0	0	2/4	3	1	V7(6)/iv		a	#iii		V7(6)/iv		V		7	6	iv				Mm7	1	1	0, 4, -4, -2		0	0
83	83	329/2	329/2	0.5	1/8	1/8	2/4	3	1	V7/iv]		a	#iii		V7/iv		V		7		iv	]			Mm7	1	1	0, 4, 1, -2		0	0
83	83	165	165	0.5	1/4	1/4	2/4	3	1	bii		a	#iii		bii		bii								m	1	1	-5, -8, -4		-5	-5
83	83	331/2	331/2	0.5	3/8	3/8	2/4	3	1	V7(b5)/bii	Fr6	a	#iii		V7(b5)/bii		V		7	b5	bii				Mm7	1	1	-4, 0, -10, -6		-4	-4
84	84	166	166	1.0	0	0	2/4	3	1	bii/#iii.V/iv		a	bii/#iii		V/iv		V				iv				M	1	1	0, 4, 1		0	0
84	84	167	167	1.0	1/4	1/4	2/4	3	1	V2/iv		a	bii/#iii		V2/iv		V		2		iv				Mm7	1	1	-2, 0, 4, 1		0	-2
85	85	168	168	0.5	0	0	2/4	3	1	V/iv		a	bii/#iii		V/iv		V				iv				M	1	1	0, 4, 1		0	0
85	85	337/2	337/2	0.5	1/8	1/8	2/4	3	1	iv64		a	bii/#iii		iv64		iv		64						m	1	1	0, -1, -4		-1	0
85	85	169	169	0.5	1/4	1/4	2/4	3	1	iv6		a	bii/#iii		iv6		iv		6						m	1	1	-4, 0, -1		-1	-4
85	85	339/2	339/2	0.5	3/8	3/8	2/4	3	1	bII64		a	bii/#iii		bII64		bII		64						M	1	1	-4, -5, -1		-5	-4
86	86	170	170	0.5	0	0	2/4	3	1	bII6/iv		a	bii/#iii		bII6/iv		bII		6		iv				M	1	1	-2, -5, -6		-6	-2
86	86	341/2	341/2	0.5	1/8	1/8	2/4	3	1	iv6(4)		a	bii/#iii		iv6(4)		iv		6	4					m	1	1	-2, 0, -1		-1	-2
86	86	171	171	0.5	1/4	1/4	2/4	3	1	iv6		a	bii/#iii		iv6		iv		6						m	1	1	-4, 0, -1		-1	-4
86	86	343/2	343/2	0.5	3/8	3/8	2/4	3	1	viio6/iv		a	bii/#iii		viio6/iv		vii	o	6		iv				o	1	1	-6, -9, -3		-3	-6
87	87	172	172	0.5	0	0	2/4	3	1	V64(+6)/iv		a	bii/#iii		V64(+6)/iv		V		64	+6	iv				M	1	1	1, 0, 4	-4	0	1
87	87	345/2	345/2	0.5	1/8	1/8	2/4	3	1	iv64		a	bii/#iii		iv64		iv		64						m	1	1	0, -1, -4		-1	0
87	87	173	173	1.0	1/4	1/4	2/4	3	1	viio43/V/iv		a	bii/#iii		viio43/V/iv		vii	o	43		V/iv				o7	1	1	-1, -4, 5, 2		5	-1
88	88	174	174	0.5	0	0	2/4	3	1	V/iv		a	bii/#iii		V/iv		V				iv				M	1	1	0, 4, 1		0	0
88	88	349/2	349/2	0.5	1/8	1/8	2/4	3	1	V2/iv		a	bii/#iii		V2/iv		V		2		iv				Mm7	1	1	-2, 0, 4, 1		0	-2
88	88	175	175	0.5	1/4	1/4	2/4	3	1	V/iv		a	bii/#iii		V/iv		V				iv				M	1	1	0, 4, 1		0	0
88	88	351/2	351/2	0.5	3/8	3/8	2/4	3	1	iv6		a	bii/#iii		iv6		iv		6						m	1	1	-4, 0, -1		-1	-4
89	89	176	176	0.5	0	0	2/4	3	1	bII6/iv		a	bii/#iii		bII6/iv		bII		6		iv				M	1	1	-2, -5, -6		-6	-2
89	89	353/2	353/2	0.5	1/8	1/8	2/4	3	1	iv6(+4)		a	bii/#iii		iv6(+4)		iv		6	+4					m	1	1	-4, 0, -1	-2	-1	-4
89	89	177	177	0.5	1/4	1/4	2/4	3	1	#viio64/iv		a	bii/#iii		#viio64/iv		#vii	o	64		iv				o	1	1	-2, 4, 1		4	-2
89	89	355/2	355/2	0.5	3/8	3/8	2/4	3	1	V43(+6)/iv		a	bii/#iii		V43(+6)/iv		V		43	+6	iv				Mm7	1	1	1, -2, 0, 4	-4	0	1
90	90	178	178	0.5	0	0	2/4	3	1	#iii.V7/v		a	#iii		V7/v		V		7		v				Mm7	1	1	2, 6, 3, 0		2	2
90	90	357/2	357/2	0.5	1/8	1/8	2/4	3	1	V2/v		a	#iii		V2/v		V		2		v				Mm7	1	1	0, 2, 6, 3		2	0
90	90	179	179	0.5	1/4	1/4	2/4	3	1	V/v		a	#iii		V/v		V				v				M	1	1	2, 6, 3		2	2
90	90	359/2	359/2	0.5	3/8	3/8	2/4	3	1	v6		a	#iii		v6		v		6						m	1	1	-2, 2, 1		1	-2
91	91	180	180	0.5	0	0	2/4	3	1	bII6/v		a	#iii		bII6/v		bII		6		v				M	1	1	0, -3, -4		-4	0
91	91	361/2	361/2	0.5	1/8	1/8	2/4	3	1	v6(+4)		a	#iii		v6(+4)		v		6	+4					m	1	1	-2, 2, 1	0	1	-2
91	91	181	181	0.5	1/4	1/4	2/4	3	1	#viio64/v		a	#iii		#viio64/v		#vii	o	64		v				o	1	1	0, 6, 3		6	0
91	91	363/2	363/2	0.5	3/8	3/8	2/4	3	1	V43(+6)/v		a	#iii		V43(+6)/v		V		43	+6	v				Mm7	1	1	3, 0, 2, 6	-2	2	3
92	92	182	182	0.5	0	0	2/4	3	1	V7/VI	Ger6/v	a	#iii		V7/VI		V		7		VI				Mm7	1	1	-3, 1, -2, -5		-3	-3
92	92	365/2	365/2	0.5	1/8	1/8	2/4	3	1	i.V2		a	i		V2		V		2						Mm7	1	1	-1, 1, 5, 2		1	-1
92	92	183	183	0.5	1/4	1/4	2/4	3	1	V		a	i		V		V								M	1	1	1, 5, 2		1	1
92	92	367/2	367/2	0.5	3/8	3/8	2/4	3	1	i6		a	i		i6		i		6						m	1	1	-3, 1, 0		0	-3
93	93	184	184	0.5	0	0	2/4	3	1	bII6		a	i		bII6		bII		6						M	1	1	-1, -4, -5		-5	-1
93	93	369/2	369/2	0.5	1/8	1/8	2/4	3	1	i6(+4)		a	i		i6(+4)		i		6	+4					m	1	1	-3, 1, 0	-1	0	-3
93	93	185	185	0.5	1/4	1/4	2/4	3	1	V2		a	i		V2		V		2						Mm7	1	1	-1, 1, 5, 2		1	-1
93	93	371/2	371/2	0.5	3/8	3/8	2/4	3	1	V43(+6)		a	i		V43(+6)		V		43	+6					Mm7	1	1	2, -1, 1, 5	-3	1	2
94	94	186	186	0.5	0	0	2/4	3	1	III(#2)		a	i		III(#2)		III			#2					M	1	1	-3, 6, -2		-3	-3
94	94	373/2	373/2	0.5	1/8	1/8	2/4	3	1	V6(6)/III		a	i		V6(6)/III		V		6	6	III				M	1	1	2, 1, -2		-2	2
94	94	187	187	0.5	1/4	1/4	2/4	3	1	III(74)	i6(94)	a	i		III(74)		III			74					M	1	1	-3, -4, -2	2	-3	-3
94	94	375/2	375/2	0.5	3/8	3/8	2/4	3	1	i		a	i		i		i								m	1	1	0, -3, 1		0	0
95	95	188	188	0.5	0	0	2/4	3	1	V7(9)/v		a	i		V7(9)/v		V		7	9	v				Mm7	1	1	2, 6, 3, 0	-3	2	2
95	95	377/2	377/2	0.5	1/8	1/8	2/4	3	1	v6		a	i		v6		v		6						m	1	1	-2, 2, 1		1	-2
95	95	189	189	0.5	1/4	1/4	2/4	3	1	V7/V		a	i		V7/V		V		7		V				Mm7	1	1	2, 6, 3, 0		2	2
95	95	379/2	379/2	0.5	3/8	3/8	2/4	3	1	V43(b5)/V	Fr6	a	i		V43(b5)/V		V		43	b5	V				Mm7	1	1	-4, 0, 2, 6		2	-4
96	96	190	190	0.5	0	0	2/4	3	1	V[V}{		a	i	V	V		V							}{	M	1	1	1, 5, 2		1	1
96	96	381/2	381/2	0.5	1/8	1/8	2/4	3	1	iv7		a	i		iv7		iv		7						mm7	1	1	-1, -4, 0, -3		-1	-1
96	96	191	191	0.5	1/4	1/4	2/4	3	1	bIIM7		a	i		bIIM7		bII	M	7						MM7	1	1	-5, -1, -4, 0		-5	-5
96	96	383/2	383/2	0.5	3/8	3/8	2/4	3	1	V7		a	i		V7		V		7						Mm7	1	1	1, 5, 2, -1		1	1
97	97	192	192	0.5	0	0	2/4	3	1	#viio7/v		a	i		#viio7/v		#vii	o	7		v				o7	1	1	6, 3, 0, -3		6	6
97	97	385/2	385/2	0.5	1/8	1/8	2/4	3	1	v]		a	i		v		v					]			m	1	1	1, -2, 2		1	1
97	97	193	193	0.5	1/4	1/4	2/4	3	1	V7(6)/V		a	i		V7(6)/V		V		7	6	V				Mm7	1	1	2, 6, 5, 0		2	2
97	97	387/2	387/2	0.5	3/8	3/8	2/4	3	1	V7(b5)/V	Fr7	a	i		V7(b5)/V		V		7	b5	V				Mm7	1	1	2, 6, -4, 0		2	2
98	98	194	194	0.5	0	0	2/4	3	1	V[V		a	i	V	V		V								M	1	1	1, 5, 2		1	1
98	98	389/2	389/2	0.5	1/8	1/8	2/4	3	1	iv7		a	i		iv7		iv		7						mm7	1	1	-1, -4, 0, -3		-1	-1
98	98	195	195	0.5	1/4	1/4	2/4	3	1	bIIM7		a	i		bIIM7		bII	M	7						MM7	1	1	-5, -1, -4, 0		-5	-5
98	98	391/2	391/2	0.5	3/8	3/8	2/4	3	1	V7		a	i		V7		V		7						Mm7	1	1	1, 5, 2, -1		1	1
99	99	196	196	0.5	0	0	2/4	3	1	#viio7/v		a	i		#viio7/v		#vii	o	7		v				o7	1	1	6, 3, 0, -3		6	6
99	99	393/2	393/2	0.5	1/8	1/8	2/4	3	1	v]		a	i		v		v					]			m	1	1	1, -2, 2		1	1
99	99	197	197	0.5	1/4	1/4	2/4	3	1	V7(6)/V		a	i		V7(6)/V		V		7	6	V				Mm7	1	1	2, 6, 5, 0		2	2
99	99	395/2	395/2	0.5	3/8	3/8	2/4	3	1	V7(b5)/V	Fr7	a	i		V7(b5)/V		V		7	b5	V				Mm7	1	1	2, 6, -4, 0		2	2
100	100	198	198	0.5	0	0	2/4	3	1	V[V		a	i	V	V		V								M	1	1	1, 5, 2		1	1
100	100	397/2	397/2	0.5	1/8	1/8	2/4	3	1	iv7		a	i		iv7		iv		7						mm7	1	1	-1, -4, 0, -3		-1	-1
100	100	199	199	0.5	1/4	1/4	2/4	3	1	bIIM7]		a	i		bIIM7		bII	M	7			]			MM7	1	1	-5, -1, -4, 0		-5	-5
100	100	399/2	399/2	0.5	3/8	3/8	2/4	3	1	V43(b5)/V	Fr6	a	i		V43(b5)/V		V		43	b5	V				Mm7	1	1	-4, 0, 2, 6		2	-4
101	101	200	200	0.5	0	0	2/4	3	1	V[V		a	i	V	V		V								M	1	1	1, 5, 2		1	1
101	101	401/2	401/2	0.5	1/8	1/8	2/4	3	1	iv7		a	i		iv7		iv		7						mm7	1	1	-1, -4, 0, -3		-1	-1
101	101	201	201	0.5	1/4	1/4	2/4	3	1	bIIM7]		a	i		bIIM7		bII	M	7			]			MM7	1	1	-5, -1, -4, 0		-5	-5
101	101	403/2	403/2	0.5	3/8	3/8	2/4	3	1	V43(b5)/V	Fr6	a	i		V43(b5)/V		V		43	b5	V				Mm7	1	1	-4, 0, 2, 6		2	-4
102	102	202	202	0.5	0	0	2/4	3	1	V[V		a	i	V	V		V								M	1	1	1, 5, 2		1	1
102	102	405/2	405/2	0.5	1/8	1/8	2/4	3	1	VI		a	i		VI		VI								M	1	1	-4, 0, -3		-4	-4
102	102	203	203	0.5	1/4	1/4	2/4	3	1	bIIM7		a	i		bIIM7		bII	M	7						MM7	1	1	-5, -1, -4, 0		-5	-5
102	102	407/2	407/2	0.5	3/8	3/8	2/4	3	1	V		a	i		V		V								M	1	1	1, 5, 2		1	1
103	103	204	204	0.5	0	0	2/4	3	1	#viio7/v		a	i		#viio7/v		#vii	o	7		v				o7	1	1	6, 3, 0, -3		6	6
103	103	409/2	409/2	0.5	1/8	1/8	2/4	3	1	v		a	i		v		v								m	1	1	1, -2, 2		1	1
103	103	205	205	0.5	1/4	1/4	2/4	3	1	V7/v		a	i		V7/v		V		7		v				Mm7	1	1	2, 6, 3, 0		2	2
103	103	411/2	411/2	0.5	3/8	3/8	2/4	3	1	V7(6)/v		a	i		V7(6)/v		V		7	6	v				Mm7	1	1	2, 6, -2, 0		2	2
104	104	206	206	0.5	0	0	2/4	3	1	#viio65/iv		a	i		#viio65/iv		#vii	o	65		iv				o7	1	1	1, -2, -5, 4		4	1
104	104	413/2	413/2	0.5	1/8	1/8	2/4	3	1	V7/III		a	i		V7/III		V		7		III				Mm7	1	1	-2, 2, -1, -4		-2	-2
104	104	207	207	0.5	1/4	1/4	2/4	3	1	IIIM7		a	i		IIIM7		III	M	7						MM7	1	1	-3, 1, -2, 2		-3	-3
104	104	415/2	415/2	0.5	3/8	3/8	2/4	3	1	#viio7/iv		a	i		#viio7/iv		#vii	o	7		iv				o7	1	1	4, 1, -2, -5		4	4
105	105	208	208	0.5	0	0	2/4	3	1	iv		a	i		iv		iv								m	1	1	-1, -4, 0		-1	-1
105	105	417/2	417/2	3.5	1/8	1/8	2/4	3	1	V}		a	i		V		V							}	M	1	1	1, 5, 2		1	1
107	107	212	212	1.0	0	0	2/4	3	1	V7]{		a	i		V7		V		7			]		{	Mm7	1	1	1, 5, 2, -1		1	1
107	107	213	213	1.0	1/4	1/4	2/4	3	1	V7(9#6#4)		a	i		V7(9#6#4)		V		7	9#6#4					Mm7	1	1	1, 5, 7, 4	-4	1	1
108	108	214	214	1.0	0	0	2/4	3	1	V7		a	i		V7		V		7						Mm7	1	1	1, 5, 2, -1		1	1
108	108	215	215	1.0	1/4	1/4	2/4	3	1	V7(9#6#4)		a	i		V7(9#6#4)		V		7	9#6#4					Mm7	1	1	1, 5, 7, 4	-4	1	1
109	109	216	216	1.0	0	0	2/4	3	1	V7		a	i		V7		V		7						Mm7	1	1	1, 5, 2, -1		1	1
109	109	217	217	1.0	1/4	1/4	2/4	3	1	V7(9#6#4)		a	i		V7(9#6#4)		V		7	9#6#4					Mm7	1	1	1, 5, 7, 4	-4	1	1
110	110	218	218	5.0	0	0	2/4	3	1	v43	III6(+6)	a	i		v43		v		43						mm7	1	1	2, -1, 1, -2		1	2
112	112	223	223	1.0	1/4	1/4	2/4	3	1	V7(b10)		a	i		V7(b10)		V		7	b10					Mm7	1	1	1, 5, 2, -1	-2	1	1
113	113	224	224	1.5	0	0	2/4	3	1	V7(9)|HC}		a	i		V7(9)		V		7	9			HC	}	Mm7	1	1	1, 5, 2, -1	-4	1	1
113	113	451/2	451/2	0.5	3/8	3/8	2/4	3	1	i{		a	i		i		i							{	m	1	1	0, -3, 1		0	0
114	114	226	226	0.5	0	0	2/4	3	1	V/iv		a	i		V/iv		V				iv				M	1	1	0, 4, 1		0	0
114	114	453/2	453/2	0.5	1/8	1/8	2/4	3	1	iv64		a	i		iv64		iv		64						m	1	1	0, -1, -4		-1	0
114	114	227	227	0.5	1/4	1/4	2/4	3	1	bII6/iv		a	i		bII6/iv		bII		6		iv				M	1	1	-2, -5, -6		-6	-2
114	114	455/2	455/2	0.5	3/8	3/8	2/4	3	1	iv/iv	bIIM65/iv	a	i		iv/iv		iv				iv				m	1	1	-2, -5, -1		-2	-2
115	115	228	228	0.5	0	0	2/4	3	1	V/iv		a	i		V/iv		V				iv				M	1	1	0, 4, 1		0	0
115	115	457/2	457/2	0.5	1/8	1/8	2/4	3	1	iv64		a	i		iv64		iv		64						m	1	1	0, -1, -4		-1	0
115	115	229	229	0.5	1/4	1/4	2/4	3	1	III(#2)/iv		a	i		III(#2)/iv		III			#2	iv				M	1	1	-4, 5, -3		-4	-4
115	115	459/2	459/2	0.5	3/8	3/8	2/4	3	1	III/iv		a	i		III/iv		III				iv				M	1	1	-4, 0, -3		-4	-4
116	116	230	230	0.5	0	0	2/4	3	1	iio6/iv		a	i		iio6/iv		ii	o	6		iv				o	1	1	-2, -5, 1		1	-2
116	116	461/2	461/2	0.5	1/8	1/8	2/4	3	1	iv		a	i		iv		iv								m	1	1	-1, -4, 0		-1	-1
116	116	231	231	0.5	1/4	1/4	2/4	3	1	III(#2)/iv		a	i		III(#2)/iv		III			#2	iv				M	1	1	-4, 5, -3		-4	-4
116	116	463/2	463/2	0.5	3/8	3/8	2/4	3	1	III/iv		a	i		III/iv		III				iv				M	1	1	-4, 0, -3		-4	-4
117	117	232	232	0.5	0	0	2/4	3	1	iv6(9b6)		a	i		iv6(9b6)		iv		6	9b6					m	1	1	-4, -5, -1	1	-1	-4
117	117	465/2	465/2	0.5	1/8	1/8	2/4	3	1	iv6		a	i		iv6		iv		6						m	1	1	-4, 0, -1		-1	-4
117	117	233	233	0.5	1/4	1/4	2/4	3	1	iv(#4)		a	i		iv(#4)		iv			#4					m	1	1	-1, -4, 5		-1	-1
117	117	467/2	467/2	0.5	3/8	3/8	2/4	3	1	iv7		a	i		iv7		iv		7						mm7	1	1	-1, -4, 0, -3		-1	-1
118	118	234	234	0.5	0	0	2/4	3	1	VII7/iv		a	i		VII7/iv		VII		7		iv				Mm7	1	1	-3, 1, -2, -5		-3	-3
118	118	469/2	469/2	0.5	1/8	1/8	2/4	3	1	iv		a	i		iv		iv								m	1	1	-1, -4, 0		-1	-1
118	118	235	235	1.0	1/4	1/4	2/4	3	1	#iv[#viio7		a	i	#iv	#viio7		#vii	o	7						o7	1	1	5, 2, -1, -4		5	5
119	119	236	236	1.5	0	0	2/4	3	1	viio7/V		a	i		viio7/V		vii	o	7		V				o7	1	1	6, 3, 0, -3		6	6
119	119	475/2	475/2	0.5	3/8	3/8	2/4	3	1	Fr6]	V43(#5)/III	a	i		Fr6	Fr	V		43	b5	V	]			Fr	1	1	-4, 0, 2, 6		2	-4
120	120	238	238	1.0	0	0	2/4	3	1	III6		a	i		III6		III		6						M	1	1	1, -2, -3		-3	1
120	120	239	239	0.5	1/4	1/4	2/4	3	1	iv/III		a	i		iv/III		iv				III				m	1	1	-4, -7, -3		-4	-4
120	120	479/2	479/2	0.5	3/8	3/8	2/4	3	1	viio65/V	viio7/V/III	a	i		viio65/V		vii	o	65		V				o7	1	1	3, 0, -3, 6		6	3
121	121	240	240	0.5	0	0	2/4	3	1	V/III	VII	a	i		V/III		V				III				M	1	1	-2, 2, -1		-2	-2
121	121	481/2	481/2	0.5	1/8	1/8	2/4	3	1	bII64	VI	a	i		bII64		bII		64						M	1	1	-4, -5, -1		-5	-4
121	121	241	241	0.5	1/4	1/4	2/4	3	1	V|HC}		a	i		V		V						HC	}	M	1	1	1, 5, 2		1	1
121	121	483/2	483/2	0.5	3/8	3/8	2/4	3	1	V7/iv{	V7/ii/III	a	i		V7/iv		V		7		iv			{	Mm7	1	1	0, 4, 1, -2		0	0
122	122	242	242	3.0	0	0	2/4	3	1	iv(4)		a	i		iv(4)		iv			4					m	1	1	-1, -2, 0		-1	-1
123	123	245	245	0.5	1/4	1/4	2/4	3	1	VII7(6^2)		a	i		VII7(6^2)		VII		7	6^2					Mm7	1	1	-2, 0, 1, -4		-2	-2
123	123	491/2	491/2	0.5	3/8	3/8	2/4	3	1	VII7		a	i		VII7		VII		7						Mm7	1	1	-2, 2, -1, -4		-2	-2
124	124	246	246	3.0	0	0	2/4	3	1	III(4)		a	i		III(4)		III			4					M	1	1	-3, -4, -2		-3	-3
125	125	249	249	0.5	1/4	1/4	2/4	3	1	VIM7(6^2)		a	i		VIM7(6^2)		VI	M	7	6^2					MM7	1	1	-4, -2, -1, 1		-4	-4
125	125	499/2	499/2	0.5	3/8	3/8	2/4	3	1	VIM7		a	i		VIM7		VI	M	7						MM7	1	1	-4, 0, -3, 1		-4	-4
126	126	250	250	0.5	0	0	2/4	3	1	bII(4)		a	i		bII(4)		bII			4					M	1	1	-5, 1, -4		-5	-5
126	126	501/2	501/2	5.5	1/8	1/8	2/4	3	1	bII		a	i		bII		bII								M	1	1	-5, -1, -4		-5	-5
129	129	256	256	2.0	0	0	2/4	3	1	V		a	i		V		V								M	1	1	1, 5, 2		1	1
130	130	258	258	1.5	0	0	2/4	3	1	i|PAC}{		a	i		i		i						PAC	}{	m	1	1	0, -3, 1		0	0
130	130	519/2	519/2	0.5	3/8	3/8	2/4	3	1	VI		a	i		VI		VI								M	1	1	-4, 0, -3		-4	-4
131	131	260	260	0.5	0	0	2/4	3	1	V2(b9)/iv		a	i		V2(b9)/iv		V		2	b9	iv				Mm7	1	1	-2, 0, 4, 1	-12	0	-2
131	131	521/2	521/2	0.5	1/8	1/8	2/4	3	1	iv6		a	i		iv6		iv		6						m	1	1	-4, 0, -1		-1	-4
131	131	261	261	0.5	1/4	1/4	2/4	3	1	ii%43		a	i		ii%43		ii	%	43						%7	1	1	-4, 0, 2, -1		2	-4
131	131	523/2	523/2	0.5	3/8	3/8	2/4	3	1	ii%65		a	i		ii%65		ii	%	65						%7	1	1	-1, -4, 0, 2		2	-1
132	132	262	262	1.0	0	0	2/4	3	1	i6		a	i		i6		i		6						m	1	1	-3, 1, 0		0	-3
132	132	263	263	2.0	1/4	1/4	2/4	3	1	V(64)/bI		a	i		V(64)/bI		V			64	bI				M	1	1	-6, -7, -3		-6	-6
133	133	265	265	1.0	1/4	1/4	2/4	3	1	V7/bI		a	i		V7/bI		V		7		bI				Mm7	1	1	-6, -2, -5, -8		-6	-6
134	134	266	266	0.5	0	0	2/4	3	1	i}{		a	i		i		i							}{	m	1	1	0, -3, 1		0	0
134	134	533/2	533/2	0.5	1/8	1/8	2/4	3	1	V2/iv		a	i		V2/iv		V		2		iv				Mm7	1	1	-2, 0, 4, 1		0	-2
134	134	267	267	0.5	1/4	1/4	2/4	3	1	iv6		a	i		iv6		iv		6						m	1	1	-4, 0, -1		-1	-4
134	134	535/2	535/2	0.5	3/8	3/8	2/4	3	1	V43(b5)/iv		a	i		V43(b5)/iv		V		43	b5	iv				Mm7	1	1	-6, -2, 0, 4		0	-6
135	135	268	268	0.5	0	0	2/4	3	1	bII6		a	i		bII6		bII		6						M	1	1	-1, -4, -5		-5	-1
135	135	537/2	537/2	0.5	1/8	1/8	2/4	3	1	bV	IV/bII	a	i		bV		bV								M	1	1	-6, -2, -5		-6	-6
135	135	269	269	0.5	1/4	1/4	2/4	3	1	V43(6)		a	i		V43(6)		V		43	6					Mm7	1	1	-3, -1, 1, 5		1	-3
135	135	539/2	539/2	0.5	3/8	3/8	2/4	3	1	Fr6/iv	V43(b5)	a	i		Fr6/iv	Fr	V		43	b5	V/iv				Fr	1	1	-5, -1, 1, 5		1	-5
136	136	270	270	0.5	0	0	2/4	3	1	i		a	i		i		i								m	1	1	0, -3, 1		0	0
136	136	541/2	541/2	0.5	1/8	1/8	2/4	3	1	V2/iv		a	i		V2/iv		V		2		iv				Mm7	1	1	-2, 0, 4, 1		0	-2
136	136	271	271	0.5	1/4	1/4	2/4	3	1	iv6		a	i		iv6		iv		6						m	1	1	-4, 0, -1		-1	-4
136	136	543/2	543/2	0.5	3/8	3/8	2/4	3	1	V43(b5)/iv		a	i		V43(b5)/iv		V		43	b5	iv				Mm7	1	1	-6, -2, 0, 4		0	-6
137	137	272	272	0.5	0	0	2/4	3	1	bII6		a	i		bII6		bII		6						M	1	1	-1, -4, -5		-5	-1
137	137	545/2	545/2	0.5	1/8	1/8	2/4	3	1	bV	IV/bII	a	i		bV		bV								M	1	1	-6, -2, -5		-6	-6
137	137	273	273	0.5	1/4	1/4	2/4	3	1	V43(6)		a	i		V43(6)		V		43	6					Mm7	1	1	-3, -1, 1, 5		1	-3
137	137	547/2	547/2	0.5	3/8	3/8	2/4	3	1	Fr6/iv	V43(b5)	a	i		Fr6/iv	Fr	V		43	b5	V/iv				Fr	1	1	-5, -1, 1, 5		1	-5
138	138	274	274	0.5	0	0	2/4	3	1	i[V/iv		a	i	i	V/iv		V				iv				M	1	1	0, 4, 1		0	0
138	138	549/2	549/2	0.5	1/8	1/8	2/4	3	1	bII		a	i		bII		bII								M	1	1	-5, -1, -4		-5	-5
138	138	275	275	0.5	1/4	1/4	2/4	3	1	V7/#VII		a	i		V7/#VII		V		7		#VII				Mm7	1	1	6, 10, 7, 4		6	6
138	138	551/2	551/2	0.5	3/8	3/8	2/4	3	1	V/iv		a	i		V/iv		V				iv				M	1	1	0, 4, 1		0	0
139	139	276	276	0.5	0	0	2/4	3	1	VI(#2)		a	i		VI(#2)		VI			#2					M	1	1	-4, 5, -3		-4	-4
139	139	553/2	553/2	0.5	1/8	1/8	2/4	3	1	bII		a	i		bII		bII								M	1	1	-5, -1, -4		-5	-5
139	139	277	277	0.5	1/4	1/4	2/4	3	1	V7		a	i		V7		V		7						Mm7	1	1	1, 5, 2, -1		1	1
139	139	555/2	555/2	0.5	3/8	3/8	2/4	3	1	V7(6)		a	i		V7(6)		V		7	6					Mm7	1	1	1, 5, -3, -1		1	1
140	140	278	278	0.5	0	0	2/4	3	1	#viio43/v		a	i		#viio43/v		#vii	o	43		v				o7	1	1	0, -3, 6, 3		6	0
140	140	557/2	557/2	0.5	1/8	1/8	2/4	3	1	v		a	i		v		v								m	1	1	1, -2, 2		1	1
140	140	279	279	0.5	1/4	1/4	2/4	3	1	V65/v		a	i		V65/v		V		65		v				Mm7	1	1	6, 3, 0, 2		2	6
140	140	559/2	559/2	0.5	3/8	3/8	2/4	3	1	V7(6)/v		a	i		V7(6)/v		V		7	6	v				Mm7	1	1	2, 6, -2, 0		2	2
141	141	280	280	0.5	0	0	2/4	3	1	#viio43/iv		a	i		#viio43/iv		#vii	o	43		iv				o7	1	1	-2, -5, 4, 1		4	-2
141	141	561/2	561/2	0.5	1/8	1/8	2/4	3	1	V7/III		a	i		V7/III		V		7		III				Mm7	1	1	-2, 2, -1, -4		-2	-2
141	141	281	281	0.5	1/4	1/4	2/4	3	1	IIIM7		a	i		IIIM7		III	M	7						MM7	1	1	-3, 1, -2, 2		-3	-3
141	141	563/2	563/2	0.5	3/8	3/8	2/4	3	1	#viio7/iv		a	i		#viio7/iv		#vii	o	7		iv				o7	1	1	4, 1, -2, -5		4	4
142	142	282	282	0.5	0	0	2/4	3	1	IV		a	i		IV		IV								M	1	1	-1, 3, 0		-1	-1
142	142	565/2	565/2	0.5	1/8	1/8	2/4	3	1	VI		a	i		VI		VI								M	1	1	-4, 0, -3		-4	-4
142	142	283	283	2.5	1/4	1/4	2/4	3	1	i]		a	i		i		i					]			m	1	1	0, -3, 1		0	0
143	143	571/2	571/2	0.30000000000001137	3/8	3/8	2/4	3	1	V7/bI		a	i		V7/bI		V		7		bI				Mm7	1	1	-6, -2, -5, -8		-6	-6
143	143	1429/5	1429/5	0.19999999999998863	9/20	9/20	2/4	3	1	vo7		a	i		vo7		v	o	7						o7	1	1	1, -2, -5, -8		1	1
144	144	286	286	2.0	0	0	2/4	3	1	i|PAC}		a	i		i		i						PAC	}	m	1	1	0, -3, 1		0	0
